response,td,smp,param,rel.inf
pOcc,1,13002,bird.hab,3.065754749901601e-4
pOcc,1,13002,g.B,0.01761438926857923
pOcc,1,13002,gamma,0.0012870122228866917
pOcc,1,13002,K,2.069507021297502e-4
pOcc,1,13002,m,0.3627503572467647
pOcc,1,13002,mu,0.0198119951395426
pOcc,1,13002,N.0,1.5032941670447942e-4
pOcc,1,13002,n.ldd,0.47581615947810435
pOcc,1,13002,p,0.007938806529743749
pOcc,1,13002,p.c,8.999421256933939e-4
pOcc,1,13002,p.f,0.011594696302940789
pOcc,1,13002,s.B,0.007510408696458232
pOcc,1,13002,s.c,0.002323130934018567
pOcc,1,13002,s.M,0.03998546127928207
pOcc,1,13002,s.N,1.3248867647534004e-4
pOcc,1,13002,sdd.max,6.946142001985557e-5
pOcc,1,13002,sdd.rate,0.05160183508566606
pOcc,1,14446,bird.hab,2.1403626878968172e-4
pOcc,1,14446,g.B,0.017469328665629388
pOcc,1,14446,gamma,9.754992236990066e-4
pOcc,1,14446,K,1.9756787304347364e-4
pOcc,1,14446,m,0.3590310456455288
pOcc,1,14446,mu,0.019460647799783584
pOcc,1,14446,N.0,5.6293140555960335e-5
pOcc,1,14446,n.ldd,0.4802935340907572
pOcc,1,14446,p,0.00801802601770552
pOcc,1,14446,p.c,0.0013999875810302646
pOcc,1,14446,p.f,0.011165868358517383
pOcc,1,14446,s.B,0.008034804466563801
pOcc,1,14446,s.c,0.002348109860747864
pOcc,1,14446,s.M,0.041469041589876784
pOcc,1,14446,s.N,3.4919064599309277e-4
pOcc,1,14446,sdd.max,3.7848901589734696e-6
pOcc,1,14446,sdd.rate,0.0495132338816193
pOcc,1,15891,bird.hab,3.463566749656432e-4
pOcc,1,15891,g.B,0.017650767710119423
pOcc,1,15891,gamma,0.0010226775056420927
pOcc,1,15891,K,1.0348026329761108e-4
pOcc,1,15891,m,0.3584627781323293
pOcc,1,15891,mu,0.01987743595797763
pOcc,1,15891,N.0,3.6322001890540197e-5
pOcc,1,15891,n.ldd,0.4792196093883977
pOcc,1,15891,p,0.007929269079665843
pOcc,1,15891,p.c,9.316889141572168e-4
pOcc,1,15891,p.f,0.01161047604576509
pOcc,1,15891,s.B,0.008275676189133822
pOcc,1,15891,s.c,0.0019626018079088913
pOcc,1,15891,s.M,0.04091283925892645
pOcc,1,15891,s.N,3.415656846958479e-4
pOcc,1,15891,sdd.max,0
pOcc,1,15891,sdd.rate,0.0513164553851269
pOcc,1,17335,bird.hab,3.3752731011520604e-4
pOcc,1,17335,g.B,0.017869367367397325
pOcc,1,17335,gamma,9.88033282527668e-4
pOcc,1,17335,K,8.911091681720613e-5
pOcc,1,17335,m,0.3643352170010799
pOcc,1,17335,mu,0.019894902599838272
pOcc,1,17335,N.0,4.1891723336998035e-5
pOcc,1,17335,n.ldd,0.4763940921425784
pOcc,1,17335,p,0.007858212059793219
pOcc,1,17335,p.c,0.001170077083112168
pOcc,1,17335,p.f,0.011073186159554898
pOcc,1,17335,s.B,0.007865614009168763
pOcc,1,17335,s.c,0.002316869112198186
pOcc,1,17335,s.M,0.039224086181001885
pOcc,1,17335,s.N,2.2547405448402174e-4
pOcc,1,17335,sdd.max,0
pOcc,1,17335,sdd.rate,0.0503163389969959
pOcc,1,18780,bird.hab,3.260304861313084e-4
pOcc,1,18780,g.B,0.017749527498965724
pOcc,1,18780,gamma,9.097754617082616e-4
pOcc,1,18780,K,4.281370579055975e-5
pOcc,1,18780,m,0.3612407289010603
pOcc,1,18780,mu,0.019721227109060963
pOcc,1,18780,N.0,2.6739468619798845e-5
pOcc,1,18780,n.ldd,0.47837747478742043
pOcc,1,18780,p,0.008268600919687242
pOcc,1,18780,p.c,9.133640927066999e-4
pOcc,1,18780,p.f,0.011182284672977891
pOcc,1,18780,s.B,0.008242959745417411
pOcc,1,18780,s.c,0.0022434564526808585
pOcc,1,18780,s.M,0.03945154862857413
pOcc,1,18780,s.N,2.316516784060964e-4
pOcc,1,18780,sdd.max,1.2670830032960687e-5
pOcc,1,18780,sdd.rate,0.051059145560759356
pOcc,1,20225,bird.hab,3.338616703852136e-4
pOcc,1,20225,g.B,0.017413811365795374
pOcc,1,20225,gamma,9.244848128086955e-4
pOcc,1,20225,K,3.73238092483749e-6
pOcc,1,20225,m,0.36384527207520034
pOcc,1,20225,mu,0.01906521908550025
pOcc,1,20225,N.0,1.1349357957675964e-4
pOcc,1,20225,n.ldd,0.47907801019272717
pOcc,1,20225,p,0.007797245864167276
pOcc,1,20225,p.c,0.0012060484645529958
pOcc,1,20225,p.f,0.010859280253472582
pOcc,1,20225,s.B,0.008371144671395488
pOcc,1,20225,s.c,0.0022771790212837515
pOcc,1,20225,s.M,0.039397190917641864
pOcc,1,20225,s.N,2.433735891022323e-4
pOcc,1,20225,sdd.max,0
pOcc,1,20225,sdd.rate,0.04907065205546508
pOcc,1,21669,bird.hab,2.581676649338975e-4
pOcc,1,21669,g.B,0.017927757846553084
pOcc,1,21669,gamma,0.001077467020908588
pOcc,1,21669,K,0
pOcc,1,21669,m,0.36648327959364946
pOcc,1,21669,mu,0.019308562339513387
pOcc,1,21669,N.0,5.912975322701934e-5
pOcc,1,21669,n.ldd,0.4735202401986514
pOcc,1,21669,p,0.007855983261609821
pOcc,1,21669,p.c,9.907151610535102e-4
pOcc,1,21669,p.f,0.011107940985062936
pOcc,1,21669,s.B,0.008051538134191948
pOcc,1,21669,s.c,0.0022710390284616197
pOcc,1,21669,s.M,0.03992039744437969
pOcc,1,21669,s.N,2.0896095100348102e-4
pOcc,1,21669,sdd.max,0
pOcc,1,21669,sdd.rate,0.05095882061680013
pOcc,1,23114,bird.hab,3.0293254852418983e-4
pOcc,1,23114,g.B,0.017437585060088107
pOcc,1,23114,gamma,0.00102584544914094
pOcc,1,23114,K,3.243549316748501e-5
pOcc,1,23114,m,0.3633310212984027
pOcc,1,23114,mu,0.018940444502640385
pOcc,1,23114,N.0,5.2755236661420894e-5
pOcc,1,23114,n.ldd,0.4784278831229857
pOcc,1,23114,p,0.007816048725608713
pOcc,1,23114,p.c,9.556317195196797e-4
pOcc,1,23114,p.f,0.010961141716632388
pOcc,1,23114,s.B,0.008418073682185542
pOcc,1,23114,s.c,0.0022956066011972052
pOcc,1,23114,s.M,0.039016235465851395
pOcc,1,23114,s.N,1.1607559955862375e-4
pOcc,1,23114,sdd.max,0
pOcc,1,23114,sdd.rate,0.05087028377783553
pOcc,1,24558,bird.hab,3.049843105859443e-4
pOcc,1,24558,g.B,0.01785475293531741
pOcc,1,24558,gamma,9.924580825573035e-4
pOcc,1,24558,K,2.6846348793571438e-5
pOcc,1,24558,m,0.36523686591778165
pOcc,1,24558,mu,0.019024657960399854
pOcc,1,24558,N.0,6.86158790907462e-5
pOcc,1,24558,n.ldd,0.4757850418526585
pOcc,1,24558,p,0.007804209607467505
pOcc,1,24558,p.c,8.891097036725999e-4
pOcc,1,24558,p.f,0.011305291273443764
pOcc,1,24558,s.B,0.007963201126806164
pOcc,1,24558,s.c,0.0022317112752550444
pOcc,1,24558,s.M,0.039269836356433996
pOcc,1,24558,s.N,1.785146072597061e-4
pOcc,1,24558,sdd.max,0
pOcc,1,24558,sdd.rate,0.05106390276247625
pOcc,1,26003,bird.hab,2.7627549199895154e-4
pOcc,1,26003,g.B,0.017693775551934028
pOcc,1,26003,gamma,9.841917246968578e-4
pOcc,1,26003,K,2.414590682707844e-5
pOcc,1,26003,m,0.36482156021834616
pOcc,1,26003,mu,0.018962000859566425
pOcc,1,26003,N.0,5.149314023712061e-5
pOcc,1,26003,n.ldd,0.47720539705064935
pOcc,1,26003,p,0.007740916393405482
pOcc,1,26003,p.c,9.350628738270113e-4
pOcc,1,26003,p.f,0.011060637032701482
pOcc,1,26003,s.B,0.008053282860293309
pOcc,1,26003,s.c,0.0021843970552315227
pOcc,1,26003,s.M,0.0391232125792827
pOcc,1,26003,s.N,1.411824641825015e-4
pOcc,1,26003,sdd.max,0
pOcc,1,26003,sdd.rate,0.05074246879681996
pOcc,3,13002,bird.hab,5.65203719390835e-4
pOcc,3,13002,g.B,0.016842765860190966
pOcc,3,13002,gamma,0.0010193080580425669
pOcc,3,13002,K,3.278381326248205e-4
pOcc,3,13002,m,0.3712431606594097
pOcc,3,13002,mu,0.0190830995255852
pOcc,3,13002,N.0,2.449014921882571e-4
pOcc,3,13002,n.ldd,0.4664659524610116
pOcc,3,13002,p,0.00793135707898178
pOcc,3,13002,p.c,0.001263516184067334
pOcc,3,13002,p.f,0.011083941630586997
pOcc,3,13002,s.B,0.007176675552079229
pOcc,3,13002,s.c,0.002422737333926636
pOcc,3,13002,s.M,0.04162935361859451
pOcc,3,13002,s.N,4.941103617202608e-4
pOcc,3,13002,sdd.max,1.983261062416219e-4
pOcc,3,13002,sdd.rate,0.052007752225357744
pOcc,3,14446,bird.hab,5.029523019116016e-4
pOcc,3,14446,g.B,0.016807420378785142
pOcc,3,14446,gamma,0.0010064685902489755
pOcc,3,14446,K,4.1373964022683063e-4
pOcc,3,14446,m,0.37089638356736776
pOcc,3,14446,mu,0.018444333341189344
pOcc,3,14446,N.0,2.1192607552090805e-4
pOcc,3,14446,n.ldd,0.46887724883435206
pOcc,3,14446,p,0.008016801066251232
pOcc,3,14446,p.c,0.0014701297780671419
pOcc,3,14446,p.f,0.010562181695738762
pOcc,3,14446,s.B,0.007539706608049044
pOcc,3,14446,s.c,0.002377890238564109
pOcc,3,14446,s.M,0.04234477158281015
pOcc,3,14446,s.N,4.641638241686501e-4
pOcc,3,14446,sdd.max,1.6108318556151024e-4
pOcc,3,14446,sdd.rate,0.04990279929118675
pOcc,3,15891,bird.hab,5.393579984120431e-4
pOcc,3,15891,g.B,0.016320601605232753
pOcc,3,15891,gamma,9.776085396347577e-4
pOcc,3,15891,K,2.914570837672324e-4
pOcc,3,15891,m,0.3672997761617505
pOcc,3,15891,mu,0.01947188025638974
pOcc,3,15891,N.0,1.7113767513047287e-4
pOcc,3,15891,n.ldd,0.46972361394204154
pOcc,3,15891,p,0.007700910521155633
pOcc,3,15891,p.c,0.001292591555294711
pOcc,3,15891,p.f,0.010992982654505289
pOcc,3,15891,s.B,0.007964747220460665
pOcc,3,15891,s.c,0.002079534093382131
pOcc,3,15891,s.M,0.04313875204886046
pOcc,3,15891,s.N,5.424958921956839e-4
pOcc,3,15891,sdd.max,1.2647352427506506e-4
pOcc,3,15891,sdd.rate,0.0513660792275113
pOcc,3,17335,bird.hab,5.894333783573337e-4
pOcc,3,17335,g.B,0.016629954788188926
pOcc,3,17335,gamma,9.27669462085362e-4
pOcc,3,17335,K,2.737531206422581e-4
pOcc,3,17335,m,0.3741073468856776
pOcc,3,17335,mu,0.019194620545510882
pOcc,3,17335,N.0,1.8704559559281532e-4
pOcc,3,17335,n.ldd,0.4667763299417244
pOcc,3,17335,p,0.007951541278790185
pOcc,3,17335,p.c,0.001306833325980036
pOcc,3,17335,p.f,0.010833801125204507
pOcc,3,17335,s.B,0.007456372366430319
pOcc,3,17335,s.c,0.002241353006644517
pOcc,3,17335,s.M,0.040317843213879004
pOcc,3,17335,s.N,3.753014404038099e-4
pOcc,3,17335,sdd.max,1.2013944056764093e-4
pOcc,3,17335,sdd.rate,0.05071066108432046
pOcc,3,18780,bird.hab,5.591259323107692e-4
pOcc,3,18780,g.B,0.016879301502423928
pOcc,3,18780,gamma,9.141105827761794e-4
pOcc,3,18780,K,1.9919380010317435e-4
pOcc,3,18780,m,0.3705518156745176
pOcc,3,18780,mu,0.018891181708474866
pOcc,3,18780,N.0,1.7385838424227823e-4
pOcc,3,18780,n.ldd,0.46921363019142615
pOcc,3,18780,p,0.007871124072610685
pOcc,3,18780,p.c,0.0010755183067729759
pOcc,3,18780,p.f,0.010731523537287513
pOcc,3,18780,s.B,0.007755488774087187
pOcc,3,18780,s.c,0.002281951169526881
pOcc,3,18780,s.M,0.04074979097799419
pOcc,3,18780,s.N,4.4443857343332206e-4
pOcc,3,18780,sdd.max,1.5274877510842912e-4
pOcc,3,18780,sdd.rate,0.05155519803690386
pOcc,3,20225,bird.hab,5.297097477105723e-4
pOcc,3,20225,g.B,0.01658003234580419
pOcc,3,20225,gamma,8.600538202208897e-4
pOcc,3,20225,K,1.9827161000324122e-4
pOcc,3,20225,m,0.37329896059917933
pOcc,3,20225,mu,0.018468613676613406
pOcc,3,20225,N.0,2.3537912610547838e-4
pOcc,3,20225,n.ldd,0.46903848256798336
pOcc,3,20225,p,0.007673849703079644
pOcc,3,20225,p.c,0.0013311921259735954
pOcc,3,20225,p.f,0.010539392622093007
pOcc,3,20225,s.B,0.00787210093243928
pOcc,3,20225,s.c,0.002285188629966317
pOcc,3,20225,s.M,0.041215047448044384
pOcc,3,20225,s.N,4.2394556556097995e-4
pOcc,3,20225,sdd.max,1.0536196261224704e-4
pOcc,3,20225,sdd.rate,0.04934441751661005
pOcc,3,21669,bird.hab,4.341270380350895e-4
pOcc,3,21669,g.B,0.01670868324180774
pOcc,3,21669,gamma,0.001012100799376907
pOcc,3,21669,K,1.670492940159537e-4
pOcc,3,21669,m,0.37634808930605496
pOcc,3,21669,mu,0.018698494672932244
pOcc,3,21669,N.0,2.0301389248959502e-4
pOcc,3,21669,n.ldd,0.46391513970180975
pOcc,3,21669,p,0.007574226499230678
pOcc,3,21669,p.c,0.0011519999690637562
pOcc,3,21669,p.f,0.010530112974485483
pOcc,3,21669,s.B,0.007669187422068306
pOcc,3,21669,s.c,0.0022584104542577076
pOcc,3,21669,s.M,0.04175997641505053
pOcc,3,21669,s.N,4.2026003941001485e-4
pOcc,3,21669,sdd.max,5.8702610796772475e-5
pOcc,3,21669,sdd.rate,0.05109042566911457
pOcc,3,23114,bird.hab,5.242732038456277e-4
pOcc,3,23114,g.B,0.016375821447808234
pOcc,3,23114,gamma,0.001028101960840252
pOcc,3,23114,K,1.8923775254036542e-4
pOcc,3,23114,m,0.37291479736251054
pOcc,3,23114,mu,0.018123028946653085
pOcc,3,23114,N.0,2.0567306094904786e-4
pOcc,3,23114,n.ldd,0.4689073391726879
pOcc,3,23114,p,0.007685833186872859
pOcc,3,23114,p.c,0.0011133216781363964
pOcc,3,23114,p.f,0.010576272854755518
pOcc,3,23114,s.B,0.0080181026041903
pOcc,3,23114,s.c,0.002330905418848877
pOcc,3,23114,s.M,0.04051247663933949
pOcc,3,23114,s.N,3.721585723740236e-4
pOcc,3,23114,sdd.max,1.2808071772158703e-4
pOcc,3,23114,sdd.rate,0.05099457541992591
pOcc,3,24558,bird.hab,4.930944676758296e-4
pOcc,3,24558,g.B,0.016721663935553355
pOcc,3,24558,gamma,9.523765400069146e-4
pOcc,3,24558,K,1.9615203531164998e-4
pOcc,3,24558,m,0.3758785186782479
pOcc,3,24558,mu,0.018380646604227797
pOcc,3,24558,N.0,1.9241169055713163e-4
pOcc,3,24558,n.ldd,0.465856821561742
pOcc,3,24558,p,0.0075934077612717435
pOcc,3,24558,p.c,0.0010726538617265608
pOcc,3,24558,p.f,0.010638795128810304
pOcc,3,24558,s.B,0.007608324650136162
pOcc,3,24558,s.c,0.0022484913640643906
pOcc,3,24558,s.M,0.04080026227979246
pOcc,3,24558,s.N,4.083653000370624e-4
pOcc,3,24558,sdd.max,1.1127222846458559e-4
pOcc,3,24558,sdd.rate,0.05084674191237418
pOcc,3,26003,bird.hab,4.800266376735387e-4
pOcc,3,26003,g.B,0.016624752582618262
pOcc,3,26003,gamma,9.446897372325715e-4
pOcc,3,26003,K,1.7993390305412376e-4
pOcc,3,26003,m,0.37506217309998974
pOcc,3,26003,mu,0.018320352084906365
pOcc,3,26003,N.0,1.8471463529698507e-4
pOcc,3,26003,n.ldd,0.467275021526194
pOcc,3,26003,p,0.0076348993226247
pOcc,3,26003,p.c,0.0011149690784094867
pOcc,3,26003,p.f,0.010519157424871741
pOcc,3,26003,s.B,0.007657824138239644
pOcc,3,26003,s.c,0.0022327866465191434
pOcc,3,26003,s.M,0.04062044749542432
pOcc,3,26003,s.N,3.5630057560728985e-4
pOcc,3,26003,sdd.max,1.228134774109644e-4
pOcc,3,26003,sdd.rate,0.050669137633927185
pOcc,5,13002,bird.hab,6.70469333479032e-4
pOcc,5,13002,g.B,0.017317173269437797
pOcc,5,13002,gamma,0.001056114738508622
pOcc,5,13002,K,4.5257433235025785e-4
pOcc,5,13002,m,0.36790586287391214
pOcc,5,13002,mu,0.019985576203353964
pOcc,5,13002,N.0,2.7266325219544256e-4
pOcc,5,13002,n.ldd,0.46244550112704197
pOcc,5,13002,p,0.008252057412949909
pOcc,5,13002,p.c,0.0014344701283622774
pOcc,5,13002,p.f,0.01147176637451485
pOcc,5,13002,s.B,0.007358870473694029
pOcc,5,13002,s.c,0.0025040342254148812
pOcc,5,13002,s.M,0.04374574339862914
pOcc,5,13002,s.N,6.502351774980011e-4
pOcc,5,13002,sdd.max,2.2044363329734235e-4
pOcc,5,13002,sdd.rate,0.054256444045360376
pOcc,5,14446,bird.hab,6.528221228406274e-4
pOcc,5,14446,g.B,0.01713800032269124
pOcc,5,14446,gamma,0.0010657422206712835
pOcc,5,14446,K,6.012512069866147e-4
pOcc,5,14446,m,0.36667144653520717
pOcc,5,14446,mu,0.0194067704337018
pOcc,5,14446,N.0,2.695553122312637e-4
pOcc,5,14446,n.ldd,0.4652422317060952
pOcc,5,14446,p,0.008399752919711435
pOcc,5,14446,p.c,0.0016126023805455888
pOcc,5,14446,p.f,0.010993895444087652
pOcc,5,14446,s.B,0.007709714295853676
pOcc,5,14446,s.c,0.0024640290997259757
pOcc,5,14446,s.M,0.04427104322891596
pOcc,5,14446,s.N,6.759737115694128e-4
pOcc,5,14446,sdd.max,1.9167235645141712e-4
pOcc,5,14446,sdd.rate,0.052633496702713695
pOcc,5,15891,bird.hab,6.214408219762913e-4
pOcc,5,15891,g.B,0.016688309025868566
pOcc,5,15891,gamma,0.0010448284589292447
pOcc,5,15891,K,4.4668054329419145e-4
pOcc,5,15891,m,0.36429476215119605
pOcc,5,15891,mu,0.02052835615321397
pOcc,5,15891,N.0,1.8938799625907777e-4
pOcc,5,15891,n.ldd,0.46547388113644067
pOcc,5,15891,p,0.008020154191042074
pOcc,5,15891,p.c,0.0014974653263270243
pOcc,5,15891,p.f,0.011246830977092236
pOcc,5,15891,s.B,0.008218421306366944
pOcc,5,15891,s.c,0.002177392645313512
pOcc,5,15891,s.M,0.045094396103411684
pOcc,5,15891,s.N,6.725555163807087e-4
pOcc,5,15891,sdd.max,1.5392347606287964e-4
pOcc,5,15891,sdd.rate,0.053631214170824844
pOcc,5,17335,bird.hab,6.451513297293707e-4
pOcc,5,17335,g.B,0.017388562015765958
pOcc,5,17335,gamma,0.0010090720311702415
pOcc,5,17335,K,4.237883993656468e-4
pOcc,5,17335,m,0.3701586657096049
pOcc,5,17335,mu,0.019835711294666252
pOcc,5,17335,N.0,2.171527783195287e-4
pOcc,5,17335,n.ldd,0.4635968731026166
pOcc,5,17335,p,0.008347716419227014
pOcc,5,17335,p.c,0.0013748755324867472
pOcc,5,17335,p.f,0.011118131765925127
pOcc,5,17335,s.B,0.007596438727140187
pOcc,5,17335,s.c,0.002373481635142486
pOcc,5,17335,s.M,0.04265940653431682
pOcc,5,17335,s.N,5.3910065148456e-4
pOcc,5,17335,sdd.max,1.407699819743711e-4
pOcc,5,17335,sdd.rate,0.052575102091064224
pOcc,5,18780,bird.hab,6.086828127492687e-4
pOcc,5,18780,g.B,0.017294214280180905
pOcc,5,18780,gamma,9.897266738846371e-4
pOcc,5,18780,K,3.6095481611502525e-4
pOcc,5,18780,m,0.3675923117140794
pOcc,5,18780,mu,0.019451650347068812
pOcc,5,18780,N.0,2.3599693158372534e-4
pOcc,5,18780,n.ldd,0.46479969372541474
pOcc,5,18780,p,0.0080667087057718
pOcc,5,18780,p.c,0.0011661476235882576
pOcc,5,18780,p.f,0.010906261041009054
pOcc,5,18780,s.B,0.007951907995033534
pOcc,5,18780,s.c,0.0023814746420592033
pOcc,5,18780,s.M,0.04315487277119337
pOcc,5,18780,s.N,6.278426079836309e-4
pOcc,5,18780,sdd.max,1.6846282604990356e-4
pOcc,5,18780,sdd.rate,0.054243090486234706
pOcc,5,20225,bird.hab,5.892066710921273e-4
pOcc,5,20225,g.B,0.016899432436229073
pOcc,5,20225,gamma,9.208536537808124e-4
pOcc,5,20225,K,3.192349737771927e-4
pOcc,5,20225,m,0.3692595170628403
pOcc,5,20225,mu,0.01939399648384144
pOcc,5,20225,N.0,2.46952809946194e-4
pOcc,5,20225,n.ldd,0.4655711643811301
pOcc,5,20225,p,0.007926831943357865
pOcc,5,20225,p.c,0.0014084663737429157
pOcc,5,20225,p.f,0.010751040815779387
pOcc,5,20225,s.B,0.008030843384954443
pOcc,5,20225,s.c,0.0024192768980441097
pOcc,5,20225,s.M,0.04403754016323736
pOcc,5,20225,s.N,6.117305201945127e-4
pOcc,5,20225,sdd.max,1.2295172124345398e-4
pOcc,5,20225,sdd.rate,0.051490959706808705
pOcc,5,21669,bird.hab,5.269137355408919e-4
pOcc,5,21669,g.B,0.0171095514732138
pOcc,5,21669,gamma,0.0010123027003899657
pOcc,5,21669,K,2.803497393318365e-4
pOcc,5,21669,m,0.37214047478271034
pOcc,5,21669,mu,0.019404389797548018
pOcc,5,21669,N.0,2.2687781066067756e-4
pOcc,5,21669,n.ldd,0.4612373965578384
pOcc,5,21669,p,0.007793643873308364
pOcc,5,21669,p.c,0.0011954446217976634
pOcc,5,21669,p.f,0.010789527170516474
pOcc,5,21669,s.B,0.007828215532973873
pOcc,5,21669,s.c,0.002334702446031805
pOcc,5,21669,s.M,0.04394648159398359
pOcc,5,21669,s.N,5.544447270816752e-4
pOcc,5,21669,sdd.max,8.044166831464871e-5
pOcc,5,21669,sdd.rate,0.05353884176875803
pOcc,5,23114,bird.hab,5.553308133725558e-4
pOcc,5,23114,g.B,0.01674995279376656
pOcc,5,23114,gamma,0.0010668511721894428
pOcc,5,23114,K,2.7978306971460776e-4
pOcc,5,23114,m,0.36920206962205426
pOcc,5,23114,mu,0.019023967721464426
pOcc,5,23114,N.0,2.131053976948343e-4
pOcc,5,23114,n.ldd,0.4654236237193173
pOcc,5,23114,p,0.007956794155130264
pOcc,5,23114,p.c,0.0011863222811932396
pOcc,5,23114,p.f,0.010790286918845024
pOcc,5,23114,s.B,0.008208416411242984
pOcc,5,23114,s.c,0.0023993009128022817
pOcc,5,23114,s.M,0.04279017278918964
pOcc,5,23114,s.N,5.515574371494509e-4
pOcc,5,23114,sdd.max,1.5558864636053163e-4
pOcc,5,23114,sdd.rate,0.05344687613851254
pOcc,5,24558,bird.hab,5.512340515716756e-4
pOcc,5,24558,g.B,0.017201905036702485
pOcc,5,24558,gamma,9.836136593787308e-4
pOcc,5,24558,K,2.788387929722196e-4
pOcc,5,24558,m,0.3722008463432104
pOcc,5,24558,mu,0.019308101600664176
pOcc,5,24558,N.0,2.0741056712763912e-4
pOcc,5,24558,n.ldd,0.4623698297024298
pOcc,5,24558,p,0.007814569831046567
pOcc,5,24558,p.c,0.001188436773649365
pOcc,5,24558,p.f,0.010878893035917653
pOcc,5,24558,s.B,0.0077756237838534905
pOcc,5,24558,s.c,0.0023187998477850105
pOcc,5,24558,s.M,0.04281159308474398
pOcc,5,24558,s.N,5.457738086375154e-4
pOcc,5,24558,sdd.max,1.3677102864869005e-4
pOcc,5,24558,sdd.rate,0.053427759051660646
pOcc,5,26003,bird.hab,5.191091217993319e-4
pOcc,5,26003,g.B,0.016969083215183603
pOcc,5,26003,gamma,9.830889509036523e-4
pOcc,5,26003,K,2.7154566680124317e-4
pOcc,5,26003,m,0.3708357928607795
pOcc,5,26003,mu,0.019043541874298738
pOcc,5,26003,N.0,2.145753031478609e-4
pOcc,5,26003,n.ldd,0.46449748860473966
pOcc,5,26003,p,0.007859627995193106
pOcc,5,26003,p.c,0.0011766844425281427
pOcc,5,26003,p.f,0.010686475587542101
pOcc,5,26003,s.B,0.007819161974240249
pOcc,5,26003,s.c,0.002309067812877186
pOcc,5,26003,s.M,0.042845977982127297
pOcc,5,26003,s.N,5.012750003910221e-4
pOcc,5,26003,sdd.max,1.419568366390988e-4
pOcc,5,26003,sdd.rate,0.05332554677080826
pSB,1,13002,bird.hab,2.1406203453037796e-4
pSB,1,13002,g.B,0.0124582864766775
pSB,1,13002,gamma,8.439827285513835e-4
pSB,1,13002,K,2.8067163222737153e-5
pSB,1,13002,m,0.22583836651149544
pSB,1,13002,mu,0.01541467372206231
pSB,1,13002,N.0,4.596842060648397e-5
pSB,1,13002,n.ldd,0.6200830587810021
pSB,1,13002,p,0.005538746511177904
pSB,1,13002,p.c,9.981847333089785e-4
pSB,1,13002,p.f,0.010918046003757051
pSB,1,13002,s.B,0.005108248852449141
pSB,1,13002,s.c,0.0019140708076022257
pSB,1,13002,s.M,0.03864575583838286
pSB,1,13002,s.N,1.2127966035762366e-4
pSB,1,13002,sdd.max,2.1292802048824018e-4
pSB,1,13002,sdd.rate,0.06161627373432763
pSB,1,14446,bird.hab,3.1338434543695995e-4
pSB,1,14446,g.B,0.011760999009438309
pSB,1,14446,gamma,0.0011928976991991455
pSB,1,14446,K,0
pSB,1,14446,m,0.23387774784780102
pSB,1,14446,mu,0.016357229378863355
pSB,1,14446,N.0,9.65058210982828e-5
pSB,1,14446,n.ldd,0.6086498345653797
pSB,1,14446,p,0.005407474617647223
pSB,1,14446,p.c,9.585132619732046e-4
pSB,1,14446,p.f,0.010930366775426048
pSB,1,14446,s.B,0.0059595542321192185
pSB,1,14446,s.c,0.0020580157795124713
pSB,1,14446,s.M,0.03863278053123135
pSB,1,14446,s.N,1.6138203354866974e-4
pSB,1,14446,sdd.max,1.5225128804126258e-4
pSB,1,14446,sdd.rate,0.06349106281328382
pSB,1,15891,bird.hab,3.508854489616401e-4
pSB,1,15891,g.B,0.011563571398864225
pSB,1,15891,gamma,9.406313056046056e-4
pSB,1,15891,K,2.756393758544633e-5
pSB,1,15891,m,0.22895725662202918
pSB,1,15891,mu,0.015416327583982823
pSB,1,15891,N.0,8.700854129252686e-5
pSB,1,15891,n.ldd,0.6175357901805653
pSB,1,15891,p,0.005300336552791259
pSB,1,15891,p.c,6.457664479840188e-4
pSB,1,15891,p.f,0.01082534110446273
pSB,1,15891,s.B,0.005661239370754256
pSB,1,15891,s.c,0.001990073339926997
pSB,1,15891,s.M,0.03806135613210264
pSB,1,15891,s.N,1.1646808464898843e-4
pSB,1,15891,sdd.max,1.536361028458497e-4
pSB,1,15891,sdd.rate,0.06236674784559753
pSB,1,17335,bird.hab,2.6543997377513796e-4
pSB,1,17335,g.B,0.01187785282846806
pSB,1,17335,gamma,8.429841701098504e-4
pSB,1,17335,K,1.1315625905021052e-5
pSB,1,17335,m,0.22975564383115274
pSB,1,17335,mu,0.0163520002186482
pSB,1,17335,N.0,4.3846304481161455e-5
pSB,1,17335,n.ldd,0.6152099032171203
pSB,1,17335,p,0.005841157060577148
pSB,1,17335,p.c,7.088394491491154e-4
pSB,1,17335,p.f,0.01067375020062822
pSB,1,17335,s.B,0.005601484762633868
pSB,1,17335,s.c,0.0023411946372025746
pSB,1,17335,s.M,0.037873307307322815
pSB,1,17335,s.N,2.4299348339646535e-4
pSB,1,17335,sdd.max,8.150535206732809e-5
pSB,1,17335,sdd.rate,0.06227678157736198
pSB,1,18780,bird.hab,2.1267826885845134e-4
pSB,1,18780,g.B,0.012396879622812159
pSB,1,18780,gamma,8.779896334448953e-4
pSB,1,18780,K,2.3468828759655093e-5
pSB,1,18780,m,0.2285319523062024
pSB,1,18780,mu,0.016130180113329437
pSB,1,18780,N.0,1.9348457521482863e-5
pSB,1,18780,n.ldd,0.6137801093011291
pSB,1,18780,p,0.0058701599457781205
pSB,1,18780,p.c,7.652807999069205e-4
pSB,1,18780,p.f,0.010469076679067005
pSB,1,18780,s.B,0.005526006913748785
pSB,1,18780,s.c,0.0021549878271980645
pSB,1,18780,s.M,0.038555483346707116
pSB,1,18780,s.N,2.360615164545935e-4
pSB,1,18780,sdd.max,1.5337500199854508e-4
pSB,1,18780,sdd.rate,0.06429696143708323
pSB,1,20225,bird.hab,2.603027766341268e-4
pSB,1,20225,g.B,0.011930873400653326
pSB,1,20225,gamma,7.456264599920125e-4
pSB,1,20225,K,8.778329721562832e-6
pSB,1,20225,m,0.2293556501957667
pSB,1,20225,mu,0.01623414604920564
pSB,1,20225,N.0,1.8106917713716352e-5
pSB,1,20225,n.ldd,0.61708167999526
pSB,1,20225,p,0.005258346695753786
pSB,1,20225,p.c,6.955507759465894e-4
pSB,1,20225,p.f,0.010674931233623704
pSB,1,20225,s.B,0.005608502178044697
pSB,1,20225,s.c,0.0020017588532803363
pSB,1,20225,s.M,0.03777605442208385
pSB,1,20225,s.N,1.395143559092439e-4
pSB,1,20225,sdd.max,9.798929583162939e-5
pSB,1,20225,sdd.rate,0.06211218806457916
pSB,1,21669,bird.hab,2.560754450568586e-4
pSB,1,21669,g.B,0.012123146760792394
pSB,1,21669,gamma,7.607684947937073e-4
pSB,1,21669,K,8.444078248868577e-6
pSB,1,21669,m,0.23115330828958114
pSB,1,21669,mu,0.0158044844154083
pSB,1,21669,N.0,5.073749158069464e-6
pSB,1,21669,n.ldd,0.6150087893198374
pSB,1,21669,p,0.005373129742988553
pSB,1,21669,p.c,7.027553361639023e-4
pSB,1,21669,p.f,0.010474295615789005
pSB,1,21669,s.B,0.005444977408720225
pSB,1,21669,s.c,0.0019709078896724018
pSB,1,21669,s.M,0.03758556030350731
pSB,1,21669,s.N,9.906053238432784e-5
pSB,1,21669,sdd.max,1.4001807634498613e-4
pSB,1,21669,sdd.rate,0.06308920454155265
pSB,1,23114,bird.hab,2.3703105443150616e-4
pSB,1,23114,g.B,0.011912503219599836
pSB,1,23114,gamma,7.582621540753181e-4
pSB,1,23114,K,0
pSB,1,23114,m,0.2289080476938015
pSB,1,23114,mu,0.016095135683913245
pSB,1,23114,N.0,2.6670754100371984e-5
pSB,1,23114,n.ldd,0.6170560935120508
pSB,1,23114,p,0.005480276099645507
pSB,1,23114,p.c,6.854897886850415e-4
pSB,1,23114,p.f,0.010795928001475406
pSB,1,23114,s.B,0.0055254190329425525
pSB,1,23114,s.c,0.0019077155577437545
pSB,1,23114,s.M,0.03801519026085515
pSB,1,23114,s.N,1.1773253367495113e-4
pSB,1,23114,sdd.max,1.3606846014310934e-4
pSB,1,23114,sdd.rate,0.06234243619286192
pSB,1,24558,bird.hab,2.527770690128895e-4
pSB,1,24558,g.B,0.011917076379223814
pSB,1,24558,gamma,7.942264321877005e-4
pSB,1,24558,K,0
pSB,1,24558,m,0.2288390905450845
pSB,1,24558,mu,0.015793969156823316
pSB,1,24558,N.0,2.706283063811921e-5
pSB,1,24558,n.ldd,0.6179039623932036
pSB,1,24558,p,0.005383914754975787
pSB,1,24558,p.c,7.413061845929235e-4
pSB,1,24558,p.f,0.010401004555831907
pSB,1,24558,s.B,0.00564611038369579
pSB,1,24558,s.c,0.001969443987216646
pSB,1,24558,s.M,0.0376074291980844
pSB,1,24558,s.N,8.54211439820167e-5
pSB,1,24558,sdd.max,1.3004207811419377e-4
pSB,1,24558,sdd.rate,0.06250716290733252
pSB,1,26003,bird.hab,2.4145033679254385e-4
pSB,1,26003,g.B,0.011938836360136484
pSB,1,26003,gamma,7.813025359242487e-4
pSB,1,26003,K,0
pSB,1,26003,m,0.22897844793318153
pSB,1,26003,mu,0.015748367912304904
pSB,1,26003,N.0,2.5604105291071588e-5
pSB,1,26003,n.ldd,0.6178242041905664
pSB,1,26003,p,0.005297365771012173
pSB,1,26003,p.c,7.065151357092295e-4
pSB,1,26003,p.f,0.010445204871969871
pSB,1,26003,s.B,0.005536225615288053
pSB,1,26003,s.c,0.0019929481700809463
pSB,1,26003,s.M,0.037604195695761795
pSB,1,26003,s.N,1.1212322144635305e-4
pSB,1,26003,sdd.max,1.2940835278184005e-4
pSB,1,26003,sdd.rate,0.0626377997917526
pSB,3,13002,bird.hab,4.710604476443176e-4
pSB,3,13002,g.B,0.011875948791249313
pSB,3,13002,gamma,8.69911831744984e-4
pSB,3,13002,K,1.932864240595081e-4
pSB,3,13002,m,0.23305422545754184
pSB,3,13002,mu,0.015500404492949517
pSB,3,13002,N.0,1.3634377671281216e-4
pSB,3,13002,n.ldd,0.6068776478009037
pSB,3,13002,p,0.005870017053273027
pSB,3,13002,p.c,0.0012565877271685632
pSB,3,13002,p.f,0.011100273677708225
pSB,3,13002,s.B,0.005070592148120289
pSB,3,13002,s.c,0.002096664287559528
pSB,3,13002,s.M,0.04200866171634263
pSB,3,13002,s.N,4.718578413344906e-4
pSB,3,13002,sdd.max,3.276166442438349e-4
pSB,3,13002,sdd.rate,0.06281889988144346
pSB,3,14446,bird.hab,4.8200159200866043e-4
pSB,3,14446,g.B,0.01130841158014138
pSB,3,14446,gamma,0.0010827852633664497
pSB,3,14446,K,1.3549628837284896e-4
pSB,3,14446,m,0.2410764284129645
pSB,3,14446,mu,0.016240222079887828
pSB,3,14446,N.0,1.5976499453915785e-4
pSB,3,14446,n.ldd,0.5980593212253258
pSB,3,14446,p,0.005625901530721345
pSB,3,14446,p.c,0.001235076478590236
pSB,3,14446,p.f,0.010563567318135023
pSB,3,14446,s.B,0.005764685566053909
pSB,3,14446,s.c,0.002183205601279141
pSB,3,14446,s.M,0.04114913279349077
pSB,3,14446,s.N,4.5142048039082045e-4
pSB,3,14446,sdd.max,2.625483674730249e-4
pSB,3,14446,sdd.rate,0.06422003042725914
pSB,3,15891,bird.hab,6.223309971633238e-4
pSB,3,15891,g.B,0.011211201223947096
pSB,3,15891,gamma,9.973235486294542e-4
pSB,3,15891,K,2.067841424088576e-4
pSB,3,15891,m,0.23674651771230104
pSB,3,15891,mu,0.015119375094247336
pSB,3,15891,N.0,1.7160679964850088e-4
pSB,3,15891,n.ldd,0.6041237538928886
pSB,3,15891,p,0.0054363343587418836
pSB,3,15891,p.c,0.0010776243063458043
pSB,3,15891,p.f,0.010729833840522018
pSB,3,15891,s.B,0.005383743577749166
pSB,3,15891,s.c,0.002061574833074738
pSB,3,15891,s.M,0.0421041941499531
pSB,3,15891,s.N,4.1180857387691154e-4
pSB,3,15891,sdd.max,3.4023101449522824e-4
pSB,3,15891,sdd.rate,0.06325576193400682
pSB,3,17335,bird.hab,5.71756197616882e-4
pSB,3,17335,g.B,0.011587028463646546
pSB,3,17335,gamma,8.71362791122486e-4
pSB,3,17335,K,1.4696486507971326e-4
pSB,3,17335,m,0.23868763559544395
pSB,3,17335,mu,0.015821049903652806
pSB,3,17335,N.0,1.7730565588712095e-4
pSB,3,17335,n.ldd,0.6012219793104487
pSB,3,17335,p,0.005903262199855745
pSB,3,17335,p.c,0.0010681302513889284
pSB,3,17335,p.f,0.010597687374181958
pSB,3,17335,s.B,0.005438933256968858
pSB,3,17335,s.c,0.0023371209644021808
pSB,3,17335,s.M,0.0412860403887858
pSB,3,17335,s.N,4.939075452489879e-4
pSB,3,17335,sdd.max,2.4107447030221978e-4
pSB,3,17335,sdd.rate,0.06354876076596709
pSB,3,18780,bird.hab,4.5079117015168547e-4
pSB,3,18780,g.B,0.011943363476413496
pSB,3,18780,gamma,9.162247099914518e-4
pSB,3,18780,K,1.7541275731589818e-4
pSB,3,18780,m,0.238450175136559
pSB,3,18780,mu,0.015914235208866086
pSB,3,18780,N.0,1.37429525517069e-4
pSB,3,18780,n.ldd,0.5990238026439942
pSB,3,18780,p,0.0060449523919696106
pSB,3,18780,p.c,0.001042223370974424
pSB,3,18780,p.f,0.010333534187373143
pSB,3,18780,s.B,0.005490618812552095
pSB,3,18780,s.c,0.0021760335515004997
pSB,3,18780,s.M,0.041931903273753006
pSB,3,18780,s.N,5.036723556446269e-4
pSB,3,18780,sdd.max,3.334966894508265e-4
pSB,3,18780,sdd.rate,0.06513213073797285
pSB,3,20225,bird.hab,4.835207107534181e-4
pSB,3,20225,g.B,0.01155530098939434
pSB,3,20225,gamma,7.839455066019054e-4
pSB,3,20225,K,1.6011349999844166e-4
pSB,3,20225,m,0.23725882733878312
pSB,3,20225,mu,0.015947641169675807
pSB,3,20225,N.0,1.1536029105541511e-4
pSB,3,20225,n.ldd,0.6040302828840446
pSB,3,20225,p,0.0053963326723755764
pSB,3,20225,p.c,9.845435202471906e-4
pSB,3,20225,p.f,0.010623163526842762
pSB,3,20225,s.B,0.005504975924416292
pSB,3,20225,s.c,0.002206311488059617
pSB,3,20225,s.M,0.041342590674991096
pSB,3,20225,s.N,4.625927607976063e-4
pSB,3,20225,sdd.max,2.62417601663048e-4
pSB,3,20225,sdd.rate,0.06288207944029979
pSB,3,21669,bird.hab,5.225272771829878e-4
pSB,3,21669,g.B,0.011840270881070616
pSB,3,21669,gamma,8.211628566624135e-4
pSB,3,21669,K,1.446557097970575e-4
pSB,3,21669,m,0.23973225631788112
pSB,3,21669,mu,0.015631468472661426
pSB,3,21669,N.0,1.2599132057058724e-4
pSB,3,21669,n.ldd,0.6017377318194651
pSB,3,21669,p,0.00556542585889434
pSB,3,21669,p.c,9.52068757824302e-4
pSB,3,21669,p.f,0.01045930815124634
pSB,3,21669,s.B,0.005282275859705084
pSB,3,21669,s.c,0.002021046338195809
pSB,3,21669,s.M,0.04079567593644727
pSB,3,21669,s.N,3.946792379426365e-4
pSB,3,21669,sdd.max,3.144246557942167e-4
pSB,3,21669,sdd.rate,0.06365903054865867
pSB,3,23114,bird.hab,4.541010269983185e-4
pSB,3,23114,g.B,0.011590366497488081
pSB,3,23114,gamma,8.312530993880769e-4
pSB,3,23114,K,1.0758600906729091e-4
pSB,3,23114,m,0.23788781303586615
pSB,3,23114,mu,0.015747564178365987
pSB,3,23114,N.0,1.3360415769940256e-4
pSB,3,23114,n.ldd,0.6032724021955496
pSB,3,23114,p,0.005596795617887067
pSB,3,23114,p.c,9.543925725907957e-4
pSB,3,23114,p.f,0.010796533161602737
pSB,3,23114,s.B,0.005361227942511471
pSB,3,23114,s.c,0.002063541023544751
pSB,3,23114,s.M,0.04138438694458166
pSB,3,23114,s.N,4.085750712232521e-4
pSB,3,23114,sdd.max,2.935090126926506e-4
pSB,3,23114,sdd.rate,0.06311634845294276
pSB,3,24558,bird.hab,4.6713605494673043e-4
pSB,3,24558,g.B,0.011496328326093732
pSB,3,24558,gamma,8.36760650639549e-4
pSB,3,24558,K,1.1192337393735193e-4
pSB,3,24558,m,0.2377976975043185
pSB,3,24558,mu,0.015518615627926889
pSB,3,24558,N.0,1.1505821073571098e-4
pSB,3,24558,n.ldd,0.6046484250916386
pSB,3,24558,p,0.005501615629580729
pSB,3,24558,p.c,9.728462694933163e-4
pSB,3,24558,p.f,0.010366779376781616
pSB,3,24558,s.B,0.00545087997955367
pSB,3,24558,s.c,0.0020486405013766776
pSB,3,24558,s.M,0.041028487914752686
pSB,3,24558,s.N,4.062551879810098e-4
pSB,3,24558,sdd.max,2.826780661858981e-4
pSB,3,24558,sdd.rate,0.06294987223405726
pSB,3,26003,bird.hab,4.516658223874798e-4
pSB,3,26003,g.B,0.011571608338035312
pSB,3,26003,gamma,8.26343937559341e-4
pSB,3,26003,K,1.1932826028318974e-4
pSB,3,26003,m,0.23819808062383221
pSB,3,26003,mu,0.015487022065111728
pSB,3,26003,N.0,1.2933043855454946e-4
pSB,3,26003,n.ldd,0.6043530715670976
pSB,3,26003,p,0.005443476068458619
pSB,3,26003,p.c,9.671272549439411e-4
pSB,3,26003,p.f,0.010348976492325771
pSB,3,26003,s.B,0.005386555432599339
pSB,3,26003,s.c,0.002078007694820326
pSB,3,26003,s.M,0.04071159344657377
pSB,3,26003,s.N,3.8531650276825625e-4
pSB,3,26003,sdd.max,2.8449089849376705e-4
pSB,3,26003,sdd.rate,0.06325800515615485
pSB,5,13002,bird.hab,5.689613899271374e-4
pSB,5,13002,g.B,0.012096741807939716
pSB,5,13002,gamma,9.068786545991595e-4
pSB,5,13002,K,2.9105754979209965e-4
pSB,5,13002,m,0.2310361491350594
pSB,5,13002,mu,0.01626005465644136
pSB,5,13002,N.0,1.8176826411074945e-4
pSB,5,13002,n.ldd,0.6039756911284463
pSB,5,13002,p,0.00608209186722832
pSB,5,13002,p.c,0.0014112099086669625
pSB,5,13002,p.f,0.01129550754980758
pSB,5,13002,s.B,0.005217482791448665
pSB,5,13002,s.c,0.0022064904568860192
pSB,5,13002,s.M,0.043840976649654494
pSB,5,13002,s.N,6.75236046929291e-4
pSB,5,13002,sdd.max,3.461097598488796e-4
pSB,5,13002,sdd.rate,0.06360759238321391
pSB,5,14446,bird.hab,5.754467093943956e-4
pSB,5,14446,g.B,0.011598227623147833
pSB,5,14446,gamma,0.001063593473925061
pSB,5,14446,K,2.450940198891517e-4
pSB,5,14446,m,0.23812286479150552
pSB,5,14446,mu,0.01688141076721761
pSB,5,14446,N.0,1.840746509446375e-4
pSB,5,14446,n.ldd,0.595766329444588
pSB,5,14446,p,0.005846074788565199
pSB,5,14446,p.c,0.0013566970040061745
pSB,5,14446,p.f,0.010686551611084394
pSB,5,14446,s.B,0.005867189894389502
pSB,5,14446,s.c,0.002241187677706572
pSB,5,14446,s.M,0.04319726576354303
pSB,5,14446,s.N,6.101807950278493e-4
pSB,5,14446,sdd.max,2.8044934940272653e-4
pSB,5,14446,sdd.rate,0.06547736163566235
pSB,5,15891,bird.hab,6.820671152602305e-4
pSB,5,15891,g.B,0.011436002771040066
pSB,5,15891,gamma,0.001042845494470901
pSB,5,15891,K,2.9927986586492485e-4
pSB,5,15891,m,0.2348259964614317
pSB,5,15891,mu,0.015896093025666778
pSB,5,15891,N.0,1.9409045422700712e-4
pSB,5,15891,n.ldd,0.6003971000740287
pSB,5,15891,p,0.005621061614721792
pSB,5,15891,p.c,0.0012631593250731468
pSB,5,15891,p.f,0.01084781545451069
pSB,5,15891,s.B,0.005421013972254423
pSB,5,15891,s.c,0.002118066352597254
pSB,5,15891,s.M,0.044875475765058244
pSB,5,15891,s.N,6.109022819917627e-4
pSB,5,15891,sdd.max,3.4945277922337293e-4
pSB,5,15891,sdd.rate,0.06411957719257905
pSB,5,17335,bird.hab,6.048525725194738e-4
pSB,5,17335,g.B,0.011742233163504917
pSB,5,17335,gamma,9.385543125139276e-4
pSB,5,17335,K,2.425546671644311e-4
pSB,5,17335,m,0.2377988451555355
pSB,5,17335,mu,0.016345669530309078
pSB,5,17335,N.0,2.2267712982903292e-4
pSB,5,17335,n.ldd,0.5972861964042963
pSB,5,17335,p,0.006130313326154877
pSB,5,17335,p.c,0.0012128440469723475
pSB,5,17335,p.f,0.01073404827706138
pSB,5,17335,s.B,0.005539333294277574
pSB,5,17335,s.c,0.0023851578753918074
pSB,5,17335,s.M,0.043714558882663096
pSB,5,17335,s.N,6.619083138813159e-4
pSB,5,17335,sdd.max,2.910563687536269e-4
pSB,5,17335,sdd.rate,0.06414919667917128
pSB,5,18780,bird.hab,4.850879983158384e-4
pSB,5,18780,g.B,0.012112614171759378
pSB,5,18780,gamma,9.50413501625088e-4
pSB,5,18780,K,2.536229586958017e-4
pSB,5,18780,m,0.23765720957312159
pSB,5,18780,mu,0.01660218108016957
pSB,5,18780,N.0,1.6508996323643402e-4
pSB,5,18780,n.ldd,0.5958453974085234
pSB,5,18780,p,0.0061587347274580685
pSB,5,18780,p.c,0.0012071054285179362
pSB,5,18780,p.f,0.010356188339927427
pSB,5,18780,s.B,0.005556423333240867
pSB,5,18780,s.c,0.002229744994050811
pSB,5,18780,s.M,0.04395282782888856
pSB,5,18780,s.N,6.765430721074616e-4
pSB,5,18780,sdd.max,3.696013308652766e-4
pSB,5,18780,sdd.rate,0.06542121428949653
pSB,5,20225,bird.hab,5.317289245357667e-4
pSB,5,20225,g.B,0.01169401823917559
pSB,5,20225,gamma,8.40125537350113e-4
pSB,5,20225,K,2.5277145863768376e-4
pSB,5,20225,m,0.2360360602075031
pSB,5,20225,mu,0.016606457630181096
pSB,5,20225,N.0,1.4101849281236906e-4
pSB,5,20225,n.ldd,0.6006936479916122
pSB,5,20225,p,0.0055714263832401375
pSB,5,20225,p.c,0.0011196600942468288
pSB,5,20225,p.f,0.010808675272040902
pSB,5,20225,s.B,0.005648715086615347
pSB,5,20225,s.c,0.0022797422020744236
pSB,5,20225,s.M,0.043595483003256434
pSB,5,20225,s.N,6.576314507132345e-4
pSB,5,20225,sdd.max,3.0288970552676703e-4
pSB,5,20225,sdd.rate,0.06321994832047799
pSB,5,21669,bird.hab,5.594856594145503e-4
pSB,5,21669,g.B,0.01198869524888225
pSB,5,21669,gamma,8.712393626889929e-4
pSB,5,21669,K,2.2228054076311852e-4
pSB,5,21669,m,0.23822772341398304
pSB,5,21669,mu,0.016042333169591635
pSB,5,21669,N.0,1.471813662536357e-4
pSB,5,21669,n.ldd,0.5987181376724628
pSB,5,21669,p,0.005758457198484434
pSB,5,21669,p.c,0.0010955878862205022
pSB,5,21669,p.f,0.01060963863086316
pSB,5,21669,s.B,0.005417344967296493
pSB,5,21669,s.c,0.002052890089723576
pSB,5,21669,s.M,0.04309856468955927
pSB,5,21669,s.N,5.422804251060485e-4
pSB,5,21669,sdd.max,3.47834843638637e-4
pSB,5,21669,sdd.rate,0.06430032483506788
pSB,5,23114,bird.hab,5.009962319067044e-4
pSB,5,23114,g.B,0.01184347437098019
pSB,5,23114,gamma,8.87530934369556e-4
pSB,5,23114,K,1.7948302530085142e-4
pSB,5,23114,m,0.23630392780999052
pSB,5,23114,mu,0.016361111347937142
pSB,5,23114,N.0,1.5755451698211195e-4
pSB,5,23114,n.ldd,0.6002988672396745
pSB,5,23114,p,0.005766098572798142
pSB,5,23114,p.c,0.001071311420393333
pSB,5,23114,p.f,0.010897959569548038
pSB,5,23114,s.B,0.005420955074652099
pSB,5,23114,s.c,0.0021052931901747686
pSB,5,23114,s.M,0.04351634889904984
pSB,5,23114,s.N,5.581625772917542e-4
pSB,5,23114,sdd.max,3.3446691437796674e-4
pSB,5,23114,sdd.rate,0.06379645830457246
pSB,5,24558,bird.hab,5.292189527025146e-4
pSB,5,24558,g.B,0.0117140793994461
pSB,5,24558,gamma,8.993816344632035e-4
pSB,5,24558,K,2.0325590609517028e-4
pSB,5,24558,m,0.2365331640811601
pSB,5,24558,mu,0.01612717394139841
pSB,5,24558,N.0,1.4576947529078236e-4
pSB,5,24558,n.ldd,0.6014781482420731
pSB,5,24558,p,0.005706271110139633
pSB,5,24558,p.c,0.0011111641574251365
pSB,5,24558,p.f,0.010498090972587462
pSB,5,24558,s.B,0.0055220207116169874
pSB,5,24558,s.c,0.00211896380273767
pSB,5,24558,s.M,0.04305746033632747
pSB,5,24558,s.N,5.335690514074896e-4
pSB,5,24558,sdd.max,3.1597929773821893e-4
pSB,5,24558,sdd.rate,0.06350628892739062
pSB,5,26003,bird.hab,4.976424726539002e-4
pSB,5,26003,g.B,0.011719393250131162
pSB,5,26003,gamma,8.730847318705223e-4
pSB,5,26003,K,2.013079010157421e-4
pSB,5,26003,m,0.23672997882670932
pSB,5,26003,mu,0.016100905885163927
pSB,5,26003,N.0,1.555261659209757e-4
pSB,5,26003,n.ldd,0.601311561614867
pSB,5,26003,p,0.005583825214082267
pSB,5,26003,p.c,0.0010630927506076458
pSB,5,26003,p.f,0.010466989229727186
pSB,5,26003,s.B,0.0054960185333707305
pSB,5,26003,s.c,0.00212113612070402
pSB,5,26003,s.M,0.04295345361352946
pSB,5,26003,s.N,5.150721359998426e-4
pSB,5,26003,sdd.max,3.256013747800993e-4
pSB,5,26003,sdd.rate,0.06388541017886616
pK,1,13002,bird.hab,3.7855348651830423e-6
pK,1,13002,g.B,0.028307195320152436
pK,1,13002,gamma,0.00171495374216778
pK,1,13002,K,0.0393134765082905
pK,1,13002,m,0.6436558457474901
pK,1,13002,mu,0.04565135957717875
pK,1,13002,N.0,7.0424456489702e-4
pK,1,13002,n.ldd,0.0035412738872836217
pK,1,13002,p,0.014425592000858236
pK,1,13002,p.c,0.0010476337118516391
pK,1,13002,p.f,0.013969776286876227
pK,1,13002,s.B,0.012094522070125634
pK,1,13002,s.c,0.002221826164291857
pK,1,13002,s.M,0.19242936375609168
pK,1,13002,s.N,5.724870636965201e-4
pK,1,13002,sdd.max,0
pK,1,13002,sdd.rate,3.466640638827889e-4
pK,1,14446,bird.hab,4.3859524455387235e-5
pK,1,14446,g.B,0.028001828916143553
pK,1,14446,gamma,0.001402839869168314
pK,1,14446,K,0.037929204627571274
pK,1,14446,m,0.6462149682858811
pK,1,14446,mu,0.04405957580798857
pK,1,14446,N.0,8.492896503042412e-4
pK,1,14446,n.ldd,0.0033402824217180593
pK,1,14446,p,0.015738031753895917
pK,1,14446,p.c,0.0010311719773599705
pK,1,14446,p.f,0.014501403377211106
pK,1,14446,s.B,0.011550639296289878
pK,1,14446,s.c,0.002018132624262211
pK,1,14446,s.M,0.19216514039975566
pK,1,14446,s.N,6.176067954155944e-4
pK,1,14446,sdd.max,7.685041490345798e-5
pK,1,14446,sdd.rate,4.591742576757203e-4
pK,1,15891,bird.hab,1.115607303984959e-5
pK,1,15891,g.B,0.027399938640397966
pK,1,15891,gamma,0.0016218284433798657
pK,1,15891,K,0.03684741177477067
pK,1,15891,m,0.6485943492758056
pK,1,15891,mu,0.04457510374567237
pK,1,15891,N.0,6.664167628885548e-4
pK,1,15891,n.ldd,0.0033937544499742425
pK,1,15891,p,0.015762684925200773
pK,1,15891,p.c,8.687052277821413e-4
pK,1,15891,p.f,0.013605451737889351
pK,1,15891,s.B,0.011573629963216486
pK,1,15891,s.c,0.0021276292786951197
pK,1,15891,s.M,0.19189015541015922
pK,1,15891,s.N,7.675769812877207e-4
pK,1,15891,sdd.max,4.0708424677383485e-6
pK,1,15891,sdd.rate,2.9013646737220396e-4
pK,1,17335,bird.hab,3.3717990981853507e-6
pK,1,17335,g.B,0.0262233804686279
pK,1,17335,gamma,0.0014361059255859037
pK,1,17335,K,0.03834224222178863
pK,1,17335,m,0.6507250235490908
pK,1,17335,mu,0.04426808158733639
pK,1,17335,N.0,7.147311943117583e-4
pK,1,17335,n.ldd,0.003944997972745432
pK,1,17335,p,0.014104195611477825
pK,1,17335,p.c,8.678811699949767e-4
pK,1,17335,p.f,0.01422461599893527
pK,1,17335,s.B,0.012325526515310279
pK,1,17335,s.c,0.002026425383735884
pK,1,17335,s.M,0.18965288301532449
pK,1,17335,s.N,6.510879541790673e-4
pK,1,17335,sdd.max,1.2113548253209941e-4
pK,1,17335,sdd.rate,3.6831414992512484e-4
pK,1,18780,bird.hab,1.0116108922349577e-5
pK,1,18780,g.B,0.027743465264840717
pK,1,18780,gamma,0.0016460953921872891
pK,1,18780,K,0.03750927166357199
pK,1,18780,m,0.6519906354469396
pK,1,18780,mu,0.04456302339157122
pK,1,18780,N.0,6.360976099122077e-4
pK,1,18780,n.ldd,0.0036632609998700975
pK,1,18780,p,0.015025336509098002
pK,1,18780,p.c,0.001011674285883883
pK,1,18780,p.f,0.014313632660030844
pK,1,18780,s.B,0.01182956043110758
pK,1,18780,s.c,0.0021117632361420157
pK,1,18780,s.M,0.18703511890704655
pK,1,18780,s.N,6.24670797040576e-4
pK,1,18780,sdd.max,0
pK,1,18780,sdd.rate,2.8627729583508704e-4
pK,1,20225,bird.hab,0
pK,1,20225,g.B,0.026809789643258163
pK,1,20225,gamma,0.0015274266424709023
pK,1,20225,K,0.03694425989095617
pK,1,20225,m,0.6545211837972229
pK,1,20225,mu,0.04353115841849463
pK,1,20225,N.0,6.804600654833541e-4
pK,1,20225,n.ldd,0.003575435855448678
pK,1,20225,p,0.015110630131508589
pK,1,20225,p.c,9.588195878184543e-4
pK,1,20225,p.f,0.013455695760089873
pK,1,20225,s.B,0.011197279798720287
pK,1,20225,s.c,0.002056560051548495
pK,1,20225,s.M,0.18873750095293979
pK,1,20225,s.N,6.30301783297532e-4
pK,1,20225,sdd.max,3.266964798667722e-6
pK,1,20225,sdd.rate,2.6023065594356907e-4
pK,1,21669,bird.hab,0
pK,1,21669,g.B,0.027460645127577926
pK,1,21669,gamma,0.0016486487567955615
pK,1,21669,K,0.03719246379844902
pK,1,21669,m,0.6542319842353106
pK,1,21669,mu,0.0434022509022592
pK,1,21669,N.0,6.548646559282595e-4
pK,1,21669,n.ldd,0.004107303596525634
pK,1,21669,p,0.014715241030513932
pK,1,21669,p.c,0.0010426891667074713
pK,1,21669,p.f,0.013933964276512403
pK,1,21669,s.B,0.011938045639612494
pK,1,21669,s.c,0.0019225064011541301
pK,1,21669,s.M,0.18664835464907595
pK,1,21669,s.N,7.255236356228118e-4
pK,1,21669,sdd.max,0
pK,1,21669,sdd.rate,3.7551412795465086e-4
pK,1,23114,bird.hab,0
pK,1,23114,g.B,0.026914116787207395
pK,1,23114,gamma,0.001514117647246966
pK,1,23114,K,0.03690296972866291
pK,1,23114,m,0.6543555929556681
pK,1,23114,mu,0.04465171728329968
pK,1,23114,N.0,7.72186142313025e-4
pK,1,23114,n.ldd,0.003632294941834301
pK,1,23114,p,0.014589876920939937
pK,1,23114,p.c,8.322188748594395e-4
pK,1,23114,p.f,0.013923703314914992
pK,1,23114,s.B,0.0116019174067472
pK,1,23114,s.c,0.001915699356085757
pK,1,23114,s.M,0.1873186987366855
pK,1,23114,s.N,7.135237146339931e-4
pK,1,23114,sdd.max,0
pK,1,23114,sdd.rate,3.6136618890071913e-4
pK,1,24558,bird.hab,0
pK,1,24558,g.B,0.02731820220439756
pK,1,24558,gamma,0.0015266128747496307
pK,1,24558,K,0.0368786576000026
pK,1,24558,m,0.6560618910877778
pK,1,24558,mu,0.04361426952756761
pK,1,24558,N.0,7.328913095333476e-4
pK,1,24558,n.ldd,0.0038371632057539427
pK,1,24558,p,0.014597652355284091
pK,1,24558,p.c,8.511078297149893e-4
pK,1,24558,p.f,0.013633940568881975
pK,1,24558,s.B,0.011520480746518666
pK,1,24558,s.c,0.0019982844381586846
pK,1,24558,s.M,0.18653042378662427
pK,1,24558,s.N,6.5597448282373e-4
pK,1,24558,sdd.max,0
pK,1,24558,sdd.rate,2.4244798221108053e-4
pK,1,26003,bird.hab,0
pK,1,26003,g.B,0.02727056278277107
pK,1,26003,gamma,0.0014593249036607494
pK,1,26003,K,0.036763818513663185
pK,1,26003,m,0.6554052967482809
pK,1,26003,mu,0.04394486374823766
pK,1,26003,N.0,6.956306431888707e-4
pK,1,26003,n.ldd,0.0037771786267108247
pK,1,26003,p,0.014688770310581243
pK,1,26003,p.c,8.573336538609774e-4
pK,1,26003,p.f,0.013412498398114613
pK,1,26003,s.B,0.011540510147186305
pK,1,26003,s.c,0.001974816703190425
pK,1,26003,s.M,0.18728420764593753
pK,1,26003,s.N,6.495189886758189e-4
pK,1,26003,sdd.max,0
pK,1,26003,sdd.rate,2.7566818593987235e-4
pK,3,13002,bird.hab,5.299631500821092e-4
pK,3,13002,g.B,0.028157023509631326
pK,3,13002,gamma,0.0019344206002267115
pK,3,13002,K,0.04457707510721
pK,3,13002,m,0.6331744522815543
pK,3,13002,mu,0.04550764340516847
pK,3,13002,N.0,0.0010112300432306375
pK,3,13002,n.ldd,0.004500135267795022
pK,3,13002,p,0.014866987406061126
pK,3,13002,p.c,0.001998061958149334
pK,3,13002,p.f,0.014593296891365801
pK,3,13002,s.B,0.012328828082761598
pK,3,13002,s.c,0.002377607831649311
pK,3,13002,s.M,0.1924419759728963
pK,3,13002,s.N,0.0012401529964791629
pK,3,13002,sdd.max,8.00548960537694e-5
pK,3,13002,sdd.rate,6.8109059968491e-4
pK,3,14446,bird.hab,5.688336362654317e-4
pK,3,14446,g.B,0.027434784870407417
pK,3,14446,gamma,0.0015995232809476762
pK,3,14446,K,0.04338187925681953
pK,3,14446,m,0.6354561497370514
pK,3,14446,mu,0.044234105449222634
pK,3,14446,N.0,9.453782391695886e-4
pK,3,14446,n.ldd,0.004403463712816701
pK,3,14446,p,0.016246811490488875
pK,3,14446,p.c,0.0019411082033984508
pK,3,14446,p.f,0.015142510932648973
pK,3,14446,s.B,0.0117347759446267
pK,3,14446,s.c,0.0020920783196493723
pK,3,14446,s.M,0.19239379546571012
pK,3,14446,s.N,0.0014512248624892398
pK,3,14446,sdd.max,1.7248138763539898e-4
pK,3,14446,sdd.rate,8.010952106524103e-4
pK,3,15891,bird.hab,4.6905256280592195e-4
pK,3,15891,g.B,0.02727024000748727
pK,3,15891,gamma,0.0019002505734390118
pK,3,15891,K,0.04237335029551811
pK,3,15891,m,0.6386177634085535
pK,3,15891,mu,0.043999908052851124
pK,3,15891,N.0,8.907264508613475e-4
pK,3,15891,n.ldd,0.004245750691584813
pK,3,15891,p,0.015983252108310437
pK,3,15891,p.c,0.0017506601487976977
pK,3,15891,p.f,0.014335322850738307
pK,3,15891,s.B,0.011841096172081868
pK,3,15891,s.c,0.002327408095242617
pK,3,15891,s.M,0.1919925934161711
pK,3,15891,s.N,0.0012671768887158178
pK,3,15891,sdd.max,7.556811236852738e-5
pK,3,15891,sdd.rate,6.59880164472628e-4
pK,3,17335,bird.hab,3.536703020743973e-4
pK,3,17335,g.B,0.026187879462507283
pK,3,17335,gamma,0.0016509557506829149
pK,3,17335,K,0.04286730562095298
pK,3,17335,m,0.6413386536876337
pK,3,17335,mu,0.04426575590141647
pK,3,17335,N.0,8.990885567630467e-4
pK,3,17335,n.ldd,0.005334194887572077
pK,3,17335,p,0.01483683710036513
pK,3,17335,p.c,0.0017849866347818188
pK,3,17335,p.f,0.014817543000823698
pK,3,17335,s.B,0.012412216700195539
pK,3,17335,s.c,0.002241785146888482
pK,3,17335,s.M,0.1887989648643461
pK,3,17335,s.N,0.0011902621998998429
pK,3,17335,sdd.max,2.4073384087888104e-4
pK,3,17335,sdd.rate,7.791663422177163e-4
pK,3,18780,bird.hab,3.546912719567164e-4
pK,3,18780,g.B,0.027535517399711665
pK,3,18780,gamma,0.0018628399396397924
pK,3,18780,K,0.042904544593871385
pK,3,18780,m,0.6423651324927898
pK,3,18780,mu,0.04432059910721118
pK,3,18780,N.0,8.867951343414435e-4
pK,3,18780,n.ldd,0.004727077574951351
pK,3,18780,p,0.015476960872785139
pK,3,18780,p.c,0.0016752929404116738
pK,3,18780,p.f,0.0147052359458517
pK,3,18780,s.B,0.011942220632045246
pK,3,18780,s.c,0.002304298897896386
pK,3,18780,s.M,0.1868877049463118
pK,3,18780,s.N,0.001142475974452558
pK,3,18780,sdd.max,1.0856586578467171e-4
pK,3,18780,sdd.rate,8.000464099874302e-4
pK,3,20225,bird.hab,3.288018589370003e-4
pK,3,20225,g.B,0.026557108362735567
pK,3,20225,gamma,0.0017948948478073755
pK,3,20225,K,0.04193296048854916
pK,3,20225,m,0.6448694902980957
pK,3,20225,mu,0.04330105161595272
pK,3,20225,N.0,9.252510503837263e-4
pK,3,20225,n.ldd,0.004868748676767282
pK,3,20225,p,0.015614777210450603
pK,3,20225,p.c,0.0016432078661645245
pK,3,20225,p.f,0.013992482651396259
pK,3,20225,s.B,0.011464803154420857
pK,3,20225,s.c,0.00215419372004667
pK,3,20225,s.M,0.18860535146295812
pK,3,20225,s.N,0.0012681180510752802
pK,3,20225,sdd.max,9.106905516858932e-5
pK,3,20225,sdd.rate,5.876896290905478e-4
pK,3,21669,bird.hab,2.9289160209704446e-4
pK,3,21669,g.B,0.027412502238926644
pK,3,21669,gamma,0.0018713843389347332
pK,3,21669,K,0.04243134605440275
pK,3,21669,m,0.6447644992959244
pK,3,21669,mu,0.04322456150405149
pK,3,21669,N.0,8.939244212555872e-4
pK,3,21669,n.ldd,0.005306443125182472
pK,3,21669,p,0.015235087710016037
pK,3,21669,p.c,0.0017476871800836292
pK,3,21669,p.f,0.014438566821344114
pK,3,21669,s.B,0.01211153426128405
pK,3,21669,s.c,0.0020848548307561927
pK,3,21669,s.M,0.1861310325646627
pK,3,21669,s.N,0.001211039490332278
pK,3,21669,sdd.max,7.255996538785412e-5
pK,3,21669,sdd.rate,7.700845953579529e-4
pK,3,23114,bird.hab,1.9737424796098705e-4
pK,3,23114,g.B,0.026697285478407818
pK,3,23114,gamma,0.0017310322919165848
pK,3,23114,K,0.04220619538278623
pK,3,23114,m,0.6447887229572387
pK,3,23114,mu,0.04426365853650646
pK,3,23114,N.0,0.0010273074010351206
pK,3,23114,n.ldd,0.004684562036875451
pK,3,23114,p,0.015148673889794753
pK,3,23114,p.c,0.001588590684341519
pK,3,23114,p.f,0.014336071848769205
pK,3,23114,s.B,0.011853620790070239
pK,3,23114,s.c,0.002042504161764598
pK,3,23114,s.M,0.18750298911688718
pK,3,23114,s.N,0.0011777701442124823
pK,3,23114,sdd.max,9.466159940279652e-5
pK,3,23114,sdd.rate,6.589794320299569e-4
pK,3,24558,bird.hab,2.3920534368409134e-4
pK,3,24558,g.B,0.02697752338124709
pK,3,24558,gamma,0.0017081884039354875
pK,3,24558,K,0.04215342741875471
pK,3,24558,m,0.6471479125428913
pK,3,24558,mu,0.04321342584401262
pK,3,24558,N.0,9.224747426565525e-4
pK,3,24558,n.ldd,0.005057920809447553
pK,3,24558,p,0.015101700286922337
pK,3,24558,p.c,0.0015191152114377227
pK,3,24558,p.f,0.01422084235770976
pK,3,24558,s.B,0.011666325311418677
pK,3,24558,s.c,0.002122968874509518
pK,3,24558,s.M,0.18624250136464748
pK,3,24558,s.N,0.0010623760997530694
pK,3,24558,sdd.max,6.89155603149159e-5
pK,3,24558,sdd.rate,5.751764466572263e-4
pK,3,26003,bird.hab,2.1655203830524172e-4
pK,3,26003,g.B,0.026961668896767134
pK,3,26003,gamma,0.001663430336904091
pK,3,26003,K,0.04195048151169406
pK,3,26003,m,0.646817722662907
pK,3,26003,mu,0.04357510461001492
pK,3,26003,N.0,9.125566146549628e-4
pK,3,26003,n.ldd,0.004975713427126915
pK,3,26003,p,0.015221224845752994
pK,3,26003,p.c,0.0015221633715119941
pK,3,26003,p.f,0.013928248179817198
pK,3,26003,s.B,0.011746353101546725
pK,3,26003,s.c,0.002108377302246495
pK,3,26003,s.M,0.1866494299841607
pK,3,26003,s.N,0.0010700185083112588
pK,3,26003,sdd.max,8.52368531652423e-5
pK,3,26003,sdd.rate,5.957177551130393e-4
pK,5,13002,bird.hab,0.0011923174290201666
pK,5,13002,g.B,0.028182596203803888
pK,5,13002,gamma,0.0021176830448383856
pK,5,13002,K,0.046059381362384834
pK,5,13002,m,0.6247413528405408
pK,5,13002,mu,0.04590196599924339
pK,5,13002,N.0,0.0012147282128578498
pK,5,13002,n.ldd,0.004813367850556756
pK,5,13002,p,0.015566881979208864
pK,5,13002,p.c,0.0026738479191926595
pK,5,13002,p.f,0.015336423142364808
pK,5,13002,s.B,0.012486506571853953
pK,5,13002,s.c,0.0024953264931609296
pK,5,13002,s.M,0.19434511312405875
pK,5,13002,s.N,0.0017928664874663888
pK,5,13002,sdd.max,1.3004993551608016e-4
pK,5,13002,sdd.rate,9.495914039314732e-4
pK,5,14446,bird.hab,0.0010538932696645604
pK,5,14446,g.B,0.027565673744783664
pK,5,14446,gamma,0.0017510331957788286
pK,5,14446,K,0.04501356614771386
pK,5,14446,m,0.6269862606199298
pK,5,14446,mu,0.044730570309423824
pK,5,14446,N.0,0.00102811512945168
pK,5,14446,n.ldd,0.004660624020054611
pK,5,14446,p,0.016751990810229298
pK,5,14446,p.c,0.002479425307078438
pK,5,14446,p.f,0.0156788524825648
pK,5,14446,s.B,0.011895349579312299
pK,5,14446,s.c,0.002221506999788101
pK,5,14446,s.M,0.19482826576912998
pK,5,14446,s.N,0.0019439357695731501
pK,5,14446,sdd.max,2.073804014732953e-4
pK,5,14446,sdd.rate,0.0012035564440498053
pK,5,15891,bird.hab,9.717916237965201e-4
pK,5,15891,g.B,0.027381095108330422
pK,5,15891,gamma,0.0020014798609890453
pK,5,15891,K,0.0436319123066586
pK,5,15891,m,0.6314406419534582
pK,5,15891,mu,0.04446016405587962
pK,5,15891,N.0,0.0011292323595373693
pK,5,15891,n.ldd,0.004619268325422243
pK,5,15891,p,0.016253608674029536
pK,5,15891,p.c,0.0022397047492007734
pK,5,15891,p.f,0.014878997307411214
pK,5,15891,s.B,0.012032098583438724
pK,5,15891,s.c,0.0024100910530159662
pK,5,15891,s.M,0.19378488361209847
pK,5,15891,s.N,0.0017777029063434065
pK,5,15891,sdd.max,1.1905434547944605e-4
pK,5,15891,sdd.rate,8.682731749104455e-4
pK,5,17335,bird.hab,6.972406301350425e-4
pK,5,17335,g.B,0.02635327513225024
pK,5,17335,gamma,0.0017963022578318646
pK,5,17335,K,0.04407539300517621
pK,5,17335,m,0.634403765282643
pK,5,17335,mu,0.044740743796874344
pK,5,17335,N.0,0.0010037926003493344
pK,5,17335,n.ldd,0.005603072244607304
pK,5,17335,p,0.01535406787083498
pK,5,17335,p.c,0.0022375417065211064
pK,5,17335,p.f,0.01544881537342312
pK,5,17335,s.B,0.012649358885232631
pK,5,17335,s.c,0.0023327016457890923
pK,5,17335,s.M,0.19034565452198088
pK,5,17335,s.N,0.0015574611393905187
pK,5,17335,sdd.max,2.5875499077384104e-4
pK,5,17335,sdd.rate,0.001142058916186591
pK,5,18780,bird.hab,7.680777509890353e-4
pK,5,18780,g.B,0.02764673902260235
pK,5,18780,gamma,0.0019972965279527527
pK,5,18780,K,0.043868213828427295
pK,5,18780,m,0.6343834194629043
pK,5,18780,mu,0.0445485469478245
pK,5,18780,N.0,0.0010030103992059714
pK,5,18780,n.ldd,0.005114104674557698
pK,5,18780,p,0.01608055952277728
pK,5,18780,p.c,0.0021102650262525236
pK,5,18780,p.f,0.01521834477792629
pK,5,18780,s.B,0.012145620053166122
pK,5,18780,s.c,0.002337684255900386
pK,5,18780,s.M,0.1899690742159693
pK,5,18780,s.N,0.0015946940380373654
pK,5,18780,sdd.max,1.6987990590916355e-4
pK,5,18780,sdd.rate,0.0010444695895976542
pK,5,20225,bird.hab,7.594193758325571e-4
pK,5,20225,g.B,0.026772473576255406
pK,5,20225,gamma,0.0019033225492621965
pK,5,20225,K,0.043353530197271437
pK,5,20225,m,0.6374791226955381
pK,5,20225,mu,0.043451670808211065
pK,5,20225,N.0,0.0010259747014665897
pK,5,20225,n.ldd,0.005537010832738146
pK,5,20225,p,0.01600786129286364
pK,5,20225,p.c,0.0021463807560164524
pK,5,20225,p.f,0.01449690362342336
pK,5,20225,s.B,0.01158010567411603
pK,5,20225,s.c,0.0022345216947257072
pK,5,20225,s.M,0.19064096716893114
pK,5,20225,s.N,0.0016287271528731063
pK,5,20225,sdd.max,1.3970297029936168e-4
pK,5,20225,sdd.rate,8.423049301757766e-4
pK,5,21669,bird.hab,6.584958870910728e-4
pK,5,21669,g.B,0.027589437717184234
pK,5,21669,gamma,0.0019893024412135406
pK,5,21669,K,0.0436232642412039
pK,5,21669,m,0.6374211332103039
pK,5,21669,mu,0.04336863995567739
pK,5,21669,N.0,9.644022152046089e-4
pK,5,21669,n.ldd,0.0058988103698080835
pK,5,21669,p,0.015609559218427597
pK,5,21669,p.c,0.0021459432714334
pK,5,21669,p.f,0.014892447873474402
pK,5,21669,s.B,0.012274138099941894
pK,5,21669,s.c,0.0021248932303607453
pK,5,21669,s.M,0.18867625977367825
pK,5,21669,s.N,0.0016646752923874326
pK,5,21669,sdd.max,1.2835121535055105e-4
pK,5,21669,sdd.rate,9.702459872589768e-4
pK,5,23114,bird.hab,4.867197225445858e-4
pK,5,23114,g.B,0.026727804242577147
pK,5,23114,gamma,0.0018504995037155352
pK,5,23114,K,0.04335648911791287
pK,5,23114,m,0.6382466588047493
pK,5,23114,mu,0.04445873141027129
pK,5,23114,N.0,0.0011283822714414922
pK,5,23114,n.ldd,0.005182064517501015
pK,5,23114,p,0.01553939874130431
pK,5,23114,p.c,0.001888580099535956
pK,5,23114,p.f,0.014836638068765173
pK,5,23114,s.B,0.011922599570965527
pK,5,23114,s.c,0.0021442052300801352
pK,5,23114,s.M,0.18962486589116043
pK,5,23114,s.N,0.001553796881915869
pK,5,23114,sdd.max,1.5600321311717163e-4
pK,5,23114,sdd.rate,8.965627124422239e-4
pK,5,24558,bird.hab,5.954324222675801e-4
pK,5,24558,g.B,0.027051795285437785
pK,5,24558,gamma,0.0018362849519635203
pK,5,24558,K,0.043413315586170446
pK,5,24558,m,0.6403830163276101
pK,5,24558,mu,0.04335454597749381
pK,5,24558,N.0,0.0010310241220490967
pK,5,24558,n.ldd,0.005394819302903243
pK,5,24558,p,0.015505249218227385
pK,5,24558,p.c,0.001908104463130935
pK,5,24558,p.f,0.014687394078338918
pK,5,24558,s.B,0.011746834135199663
pK,5,24558,s.c,0.002183440639731235
pK,5,24558,s.M,0.18858186700661295
pK,5,24558,s.N,0.0014309761619809363
pK,5,24558,sdd.max,1.0630621778746645e-4
pK,5,24558,sdd.rate,7.895941030950372e-4
pK,5,26003,bird.hab,5.106794440247947e-4
pK,5,26003,g.B,0.02715762152959454
pK,5,26003,gamma,0.0017716666348072951
pK,5,26003,K,0.04312458267606011
pK,5,26003,m,0.6398214574619625
pK,5,26003,mu,0.04378113439484768
pK,5,26003,N.0,0.0010090611468787335
pK,5,26003,n.ldd,0.005467145438241094
pK,5,26003,p,0.015434202024951927
pK,5,26003,p.c,0.0018942232188303707
pK,5,26003,p.f,0.014409972640224528
pK,5,26003,s.B,0.011865351335026504
pK,5,26003,s.c,0.002158691593153635
pK,5,26003,s.M,0.1892020438782172
pK,5,26003,s.N,0.0013959664438838474
pK,5,26003,sdd.max,1.1957107485655032e-4
pK,5,26003,sdd.rate,8.766290644386227e-4
medNg0,1,13002,bird.hab,0
medNg0,1,13002,g.B,0
medNg0,1,13002,gamma,0
medNg0,1,13002,K,0
medNg0,1,13002,m,1
medNg0,1,13002,mu,0
medNg0,1,13002,N.0,0
medNg0,1,13002,n.ldd,0
medNg0,1,13002,p,0
medNg0,1,13002,p.c,0
medNg0,1,13002,p.f,0
medNg0,1,13002,s.B,0
medNg0,1,13002,s.c,0
medNg0,1,13002,s.M,0
medNg0,1,13002,s.N,0
medNg0,1,13002,sdd.max,0
medNg0,1,13002,sdd.rate,0
medNg0,1,14446,bird.hab,0
medNg0,1,14446,g.B,0
medNg0,1,14446,gamma,0
medNg0,1,14446,K,0
medNg0,1,14446,m,1
medNg0,1,14446,mu,0
medNg0,1,14446,N.0,0
medNg0,1,14446,n.ldd,0
medNg0,1,14446,p,0
medNg0,1,14446,p.c,0
medNg0,1,14446,p.f,0
medNg0,1,14446,s.B,0
medNg0,1,14446,s.c,0
medNg0,1,14446,s.M,0
medNg0,1,14446,s.N,0
medNg0,1,14446,sdd.max,0
medNg0,1,14446,sdd.rate,0
medNg0,1,15891,bird.hab,0
medNg0,1,15891,g.B,0
medNg0,1,15891,gamma,0
medNg0,1,15891,K,0
medNg0,1,15891,m,1
medNg0,1,15891,mu,0
medNg0,1,15891,N.0,0
medNg0,1,15891,n.ldd,0
medNg0,1,15891,p,0
medNg0,1,15891,p.c,0
medNg0,1,15891,p.f,0
medNg0,1,15891,s.B,0
medNg0,1,15891,s.c,0
medNg0,1,15891,s.M,0
medNg0,1,15891,s.N,0
medNg0,1,15891,sdd.max,0
medNg0,1,15891,sdd.rate,0
medNg0,1,17335,bird.hab,0
medNg0,1,17335,g.B,0
medNg0,1,17335,gamma,0
medNg0,1,17335,K,0
medNg0,1,17335,m,1
medNg0,1,17335,mu,0
medNg0,1,17335,N.0,0
medNg0,1,17335,n.ldd,0
medNg0,1,17335,p,0
medNg0,1,17335,p.c,0
medNg0,1,17335,p.f,0
medNg0,1,17335,s.B,0
medNg0,1,17335,s.c,0
medNg0,1,17335,s.M,0
medNg0,1,17335,s.N,0
medNg0,1,17335,sdd.max,0
medNg0,1,17335,sdd.rate,0
medNg0,1,18780,bird.hab,0
medNg0,1,18780,g.B,0
medNg0,1,18780,gamma,0
medNg0,1,18780,K,0
medNg0,1,18780,m,1
medNg0,1,18780,mu,0
medNg0,1,18780,N.0,0
medNg0,1,18780,n.ldd,0
medNg0,1,18780,p,0
medNg0,1,18780,p.c,0
medNg0,1,18780,p.f,0
medNg0,1,18780,s.B,0
medNg0,1,18780,s.c,0
medNg0,1,18780,s.M,0
medNg0,1,18780,s.N,0
medNg0,1,18780,sdd.max,0
medNg0,1,18780,sdd.rate,0
medNg0,1,20225,bird.hab,0
medNg0,1,20225,g.B,0
medNg0,1,20225,gamma,0
medNg0,1,20225,K,0
medNg0,1,20225,m,1
medNg0,1,20225,mu,0
medNg0,1,20225,N.0,0
medNg0,1,20225,n.ldd,0
medNg0,1,20225,p,0
medNg0,1,20225,p.c,0
medNg0,1,20225,p.f,0
medNg0,1,20225,s.B,0
medNg0,1,20225,s.c,0
medNg0,1,20225,s.M,0
medNg0,1,20225,s.N,0
medNg0,1,20225,sdd.max,0
medNg0,1,20225,sdd.rate,0
medNg0,1,21669,bird.hab,0
medNg0,1,21669,g.B,0
medNg0,1,21669,gamma,0
medNg0,1,21669,K,0
medNg0,1,21669,m,1
medNg0,1,21669,mu,0
medNg0,1,21669,N.0,0
medNg0,1,21669,n.ldd,0
medNg0,1,21669,p,0
medNg0,1,21669,p.c,0
medNg0,1,21669,p.f,0
medNg0,1,21669,s.B,0
medNg0,1,21669,s.c,0
medNg0,1,21669,s.M,0
medNg0,1,21669,s.N,0
medNg0,1,21669,sdd.max,0
medNg0,1,21669,sdd.rate,0
medNg0,1,23114,bird.hab,0
medNg0,1,23114,g.B,0
medNg0,1,23114,gamma,0
medNg0,1,23114,K,0
medNg0,1,23114,m,1
medNg0,1,23114,mu,0
medNg0,1,23114,N.0,0
medNg0,1,23114,n.ldd,0
medNg0,1,23114,p,0
medNg0,1,23114,p.c,0
medNg0,1,23114,p.f,0
medNg0,1,23114,s.B,0
medNg0,1,23114,s.c,0
medNg0,1,23114,s.M,0
medNg0,1,23114,s.N,0
medNg0,1,23114,sdd.max,0
medNg0,1,23114,sdd.rate,0
medNg0,1,24558,bird.hab,0
medNg0,1,24558,g.B,0
medNg0,1,24558,gamma,0
medNg0,1,24558,K,0
medNg0,1,24558,m,1
medNg0,1,24558,mu,0
medNg0,1,24558,N.0,0
medNg0,1,24558,n.ldd,0
medNg0,1,24558,p,0
medNg0,1,24558,p.c,0
medNg0,1,24558,p.f,0
medNg0,1,24558,s.B,0
medNg0,1,24558,s.c,0
medNg0,1,24558,s.M,0
medNg0,1,24558,s.N,0
medNg0,1,24558,sdd.max,0
medNg0,1,24558,sdd.rate,0
medNg0,1,26003,bird.hab,0
medNg0,1,26003,g.B,0
medNg0,1,26003,gamma,0
medNg0,1,26003,K,0
medNg0,1,26003,m,1
medNg0,1,26003,mu,0
medNg0,1,26003,N.0,0
medNg0,1,26003,n.ldd,0
medNg0,1,26003,p,0
medNg0,1,26003,p.c,0
medNg0,1,26003,p.f,0
medNg0,1,26003,s.B,0
medNg0,1,26003,s.c,0
medNg0,1,26003,s.M,0
medNg0,1,26003,s.N,0
medNg0,1,26003,sdd.max,0
medNg0,1,26003,sdd.rate,0
medNg0,3,13002,bird.hab,0
medNg0,3,13002,g.B,0
medNg0,3,13002,gamma,0
medNg0,3,13002,K,0
medNg0,3,13002,m,0.8751403759474776
medNg0,3,13002,mu,0.011053172978395222
medNg0,3,13002,N.0,0
medNg0,3,13002,n.ldd,0
medNg0,3,13002,p,0
medNg0,3,13002,p.c,0
medNg0,3,13002,p.f,0
medNg0,3,13002,s.B,0
medNg0,3,13002,s.c,0
medNg0,3,13002,s.M,0.1138064510741271
medNg0,3,13002,s.N,0
medNg0,3,13002,sdd.max,0
medNg0,3,13002,sdd.rate,0
medNg0,3,14446,bird.hab,0
medNg0,3,14446,g.B,0
medNg0,3,14446,gamma,0
medNg0,3,14446,K,0
medNg0,3,14446,m,0.8749816799934633
medNg0,3,14446,mu,0.005142121492244291
medNg0,3,14446,N.0,0
medNg0,3,14446,n.ldd,0
medNg0,3,14446,p,0
medNg0,3,14446,p.c,0
medNg0,3,14446,p.f,0
medNg0,3,14446,s.B,0
medNg0,3,14446,s.c,0
medNg0,3,14446,s.M,0.11987619851429229
medNg0,3,14446,s.N,0
medNg0,3,14446,sdd.max,0
medNg0,3,14446,sdd.rate,0
medNg0,3,15891,bird.hab,0
medNg0,3,15891,g.B,0
medNg0,3,15891,gamma,0
medNg0,3,15891,K,0
medNg0,3,15891,m,0.8851466996624328
medNg0,3,15891,mu,0.013367656320410554
medNg0,3,15891,N.0,0
medNg0,3,15891,n.ldd,0
medNg0,3,15891,p,0
medNg0,3,15891,p.c,0
medNg0,3,15891,p.f,0
medNg0,3,15891,s.B,0
medNg0,3,15891,s.c,0
medNg0,3,15891,s.M,0.10148564401715672
medNg0,3,15891,s.N,0
medNg0,3,15891,sdd.max,0
medNg0,3,15891,sdd.rate,0
medNg0,3,17335,bird.hab,0
medNg0,3,17335,g.B,0
medNg0,3,17335,gamma,0
medNg0,3,17335,K,0
medNg0,3,17335,m,0.8790303023960969
medNg0,3,17335,mu,0.0026045252023324627
medNg0,3,17335,N.0,0
medNg0,3,17335,n.ldd,0
medNg0,3,17335,p,0
medNg0,3,17335,p.c,0
medNg0,3,17335,p.f,0
medNg0,3,17335,s.B,0
medNg0,3,17335,s.c,0
medNg0,3,17335,s.M,0.11836517240157056
medNg0,3,17335,s.N,0
medNg0,3,17335,sdd.max,0
medNg0,3,17335,sdd.rate,0
medNg0,3,18780,bird.hab,0
medNg0,3,18780,g.B,0
medNg0,3,18780,gamma,0
medNg0,3,18780,K,0
medNg0,3,18780,m,0.8797403934816382
medNg0,3,18780,mu,0.009348042807712367
medNg0,3,18780,N.0,0
medNg0,3,18780,n.ldd,0
medNg0,3,18780,p,0
medNg0,3,18780,p.c,0
medNg0,3,18780,p.f,0
medNg0,3,18780,s.B,0
medNg0,3,18780,s.c,0
medNg0,3,18780,s.M,0.11091156371064939
medNg0,3,18780,s.N,0
medNg0,3,18780,sdd.max,0
medNg0,3,18780,sdd.rate,0
medNg0,3,20225,bird.hab,0
medNg0,3,20225,g.B,0
medNg0,3,20225,gamma,0
medNg0,3,20225,K,0
medNg0,3,20225,m,0.8782615091997403
medNg0,3,20225,mu,0.006277194205863977
medNg0,3,20225,N.0,0
medNg0,3,20225,n.ldd,0
medNg0,3,20225,p,0
medNg0,3,20225,p.c,0
medNg0,3,20225,p.f,0
medNg0,3,20225,s.B,0
medNg0,3,20225,s.c,0
medNg0,3,20225,s.M,0.11546129659439569
medNg0,3,20225,s.N,0
medNg0,3,20225,sdd.max,0
medNg0,3,20225,sdd.rate,0
medNg0,3,21669,bird.hab,0
medNg0,3,21669,g.B,0
medNg0,3,21669,gamma,0
medNg0,3,21669,K,0
medNg0,3,21669,m,0.8805306631930973
medNg0,3,21669,mu,0.008568043341806518
medNg0,3,21669,N.0,0
medNg0,3,21669,n.ldd,0
medNg0,3,21669,p,0
medNg0,3,21669,p.c,0
medNg0,3,21669,p.f,0
medNg0,3,21669,s.B,0
medNg0,3,21669,s.c,0
medNg0,3,21669,s.M,0.11090129346509624
medNg0,3,21669,s.N,0
medNg0,3,21669,sdd.max,0
medNg0,3,21669,sdd.rate,0
medNg0,3,23114,bird.hab,0
medNg0,3,23114,g.B,0
medNg0,3,23114,gamma,0
medNg0,3,23114,K,0
medNg0,3,23114,m,0.8846538163142509
medNg0,3,23114,mu,0.00622606092011736
medNg0,3,23114,N.0,0
medNg0,3,23114,n.ldd,0
medNg0,3,23114,p,0
medNg0,3,23114,p.c,0
medNg0,3,23114,p.f,0
medNg0,3,23114,s.B,0
medNg0,3,23114,s.c,0
medNg0,3,23114,s.M,0.1091201227656317
medNg0,3,23114,s.N,0
medNg0,3,23114,sdd.max,0
medNg0,3,23114,sdd.rate,0
medNg0,3,24558,bird.hab,0
medNg0,3,24558,g.B,0
medNg0,3,24558,gamma,0
medNg0,3,24558,K,0
medNg0,3,24558,m,0.8844994684353541
medNg0,3,24558,mu,0.0049881476079818386
medNg0,3,24558,N.0,0
medNg0,3,24558,n.ldd,0
medNg0,3,24558,p,0
medNg0,3,24558,p.c,0
medNg0,3,24558,p.f,0
medNg0,3,24558,s.B,0
medNg0,3,24558,s.c,0
medNg0,3,24558,s.M,0.11051238395666407
medNg0,3,24558,s.N,0
medNg0,3,24558,sdd.max,0
medNg0,3,24558,sdd.rate,0
medNg0,3,26003,bird.hab,0
medNg0,3,26003,g.B,0
medNg0,3,26003,gamma,0
medNg0,3,26003,K,0
medNg0,3,26003,m,0.8840866969914634
medNg0,3,26003,mu,0.004967116945597566
medNg0,3,26003,N.0,0
medNg0,3,26003,n.ldd,0
medNg0,3,26003,p,0
medNg0,3,26003,p.c,0
medNg0,3,26003,p.f,0
medNg0,3,26003,s.B,0
medNg0,3,26003,s.c,0
medNg0,3,26003,s.M,0.11094618606293906
medNg0,3,26003,s.N,0
medNg0,3,26003,sdd.max,0
medNg0,3,26003,sdd.rate,0
medNg0,5,13002,bird.hab,0
medNg0,5,13002,g.B,0.002895108768800147
medNg0,5,13002,gamma,0
medNg0,5,13002,K,0
medNg0,5,13002,m,0.8329670099978459
medNg0,5,13002,mu,0.02662460443050348
medNg0,5,13002,N.0,0
medNg0,5,13002,n.ldd,0
medNg0,5,13002,p,0
medNg0,5,13002,p.c,0
medNg0,5,13002,p.f,0
medNg0,5,13002,s.B,0
medNg0,5,13002,s.c,0
medNg0,5,13002,s.M,0.13751327680285044
medNg0,5,13002,s.N,0
medNg0,5,13002,sdd.max,0
medNg0,5,13002,sdd.rate,0
medNg0,5,14446,bird.hab,0
medNg0,5,14446,g.B,0.0014995576495851596
medNg0,5,14446,gamma,0
medNg0,5,14446,K,0
medNg0,5,14446,m,0.8370675188413452
medNg0,5,14446,mu,0.025093076192579396
medNg0,5,14446,N.0,0
medNg0,5,14446,n.ldd,0
medNg0,5,14446,p,0
medNg0,5,14446,p.c,0
medNg0,5,14446,p.f,0
medNg0,5,14446,s.B,0
medNg0,5,14446,s.c,0
medNg0,5,14446,s.M,0.13633984731649018
medNg0,5,14446,s.N,0
medNg0,5,14446,sdd.max,0
medNg0,5,14446,sdd.rate,0
medNg0,5,15891,bird.hab,0
medNg0,5,15891,g.B,5.870729979922868e-4
medNg0,5,15891,gamma,0
medNg0,5,15891,K,0
medNg0,5,15891,m,0.8446392700012116
medNg0,5,15891,mu,0.028287079728170954
medNg0,5,15891,N.0,0
medNg0,5,15891,n.ldd,0
medNg0,5,15891,p,0
medNg0,5,15891,p.c,0
medNg0,5,15891,p.f,0
medNg0,5,15891,s.B,0
medNg0,5,15891,s.c,0
medNg0,5,15891,s.M,0.1264865772726251
medNg0,5,15891,s.N,0
medNg0,5,15891,sdd.max,0
medNg0,5,15891,sdd.rate,0
medNg0,5,17335,bird.hab,0
medNg0,5,17335,g.B,0.002317553415671933
medNg0,5,17335,gamma,0
medNg0,5,17335,K,0
medNg0,5,17335,m,0.8436085568932207
medNg0,5,17335,mu,0.019001168605084637
medNg0,5,17335,N.0,0
medNg0,5,17335,n.ldd,0
medNg0,5,17335,p,0
medNg0,5,17335,p.c,0
medNg0,5,17335,p.f,0
medNg0,5,17335,s.B,0
medNg0,5,17335,s.c,0
medNg0,5,17335,s.M,0.13507272108602275
medNg0,5,17335,s.N,0
medNg0,5,17335,sdd.max,0
medNg0,5,17335,sdd.rate,0
medNg0,5,18780,bird.hab,0
medNg0,5,18780,g.B,0.001589450071363262
medNg0,5,18780,gamma,0
medNg0,5,18780,K,0
medNg0,5,18780,m,0.8437060323560686
medNg0,5,18780,mu,0.024812549127044874
medNg0,5,18780,N.0,0
medNg0,5,18780,n.ldd,0
medNg0,5,18780,p,0
medNg0,5,18780,p.c,0
medNg0,5,18780,p.f,0
medNg0,5,18780,s.B,0
medNg0,5,18780,s.c,0
medNg0,5,18780,s.M,0.12989196844552336
medNg0,5,18780,s.N,0
medNg0,5,18780,sdd.max,0
medNg0,5,18780,sdd.rate,0
medNg0,5,20225,bird.hab,0
medNg0,5,20225,g.B,0
medNg0,5,20225,gamma,0
medNg0,5,20225,K,0
medNg0,5,20225,m,0.8437226963443332
medNg0,5,20225,mu,0.021990635096912133
medNg0,5,20225,N.0,0
medNg0,5,20225,n.ldd,0
medNg0,5,20225,p,0
medNg0,5,20225,p.c,0
medNg0,5,20225,p.f,0
medNg0,5,20225,s.B,0
medNg0,5,20225,s.c,0
medNg0,5,20225,s.M,0.13428666855875465
medNg0,5,20225,s.N,0
medNg0,5,20225,sdd.max,0
medNg0,5,20225,sdd.rate,0
medNg0,5,21669,bird.hab,0
medNg0,5,21669,g.B,0
medNg0,5,21669,gamma,0
medNg0,5,21669,K,0
medNg0,5,21669,m,0.8482093022553435
medNg0,5,21669,mu,0.020859354107996057
medNg0,5,21669,N.0,0
medNg0,5,21669,n.ldd,0
medNg0,5,21669,p,0
medNg0,5,21669,p.c,0
medNg0,5,21669,p.f,0
medNg0,5,21669,s.B,0
medNg0,5,21669,s.c,0
medNg0,5,21669,s.M,0.13093134363666034
medNg0,5,21669,s.N,0
medNg0,5,21669,sdd.max,0
medNg0,5,21669,sdd.rate,0
medNg0,5,23114,bird.hab,0
medNg0,5,23114,g.B,4.989118218394693e-4
medNg0,5,23114,gamma,0
medNg0,5,23114,K,0
medNg0,5,23114,m,0.8511307607254369
medNg0,5,23114,mu,0.017533873087539405
medNg0,5,23114,N.0,0
medNg0,5,23114,n.ldd,0
medNg0,5,23114,p,0
medNg0,5,23114,p.c,0
medNg0,5,23114,p.f,0
medNg0,5,23114,s.B,0
medNg0,5,23114,s.c,0
medNg0,5,23114,s.M,0.1308364543651842
medNg0,5,23114,s.N,0
medNg0,5,23114,sdd.max,0
medNg0,5,23114,sdd.rate,0
medNg0,5,24558,bird.hab,0
medNg0,5,24558,g.B,5.06322362232993e-4
medNg0,5,24558,gamma,0
medNg0,5,24558,K,0
medNg0,5,24558,m,0.8496677647114573
medNg0,5,24558,mu,0.01915049910715171
medNg0,5,24558,N.0,0
medNg0,5,24558,n.ldd,0
medNg0,5,24558,p,0
medNg0,5,24558,p.c,0
medNg0,5,24558,p.f,0
medNg0,5,24558,s.B,0
medNg0,5,24558,s.c,0
medNg0,5,24558,s.M,0.13067541381915793
medNg0,5,24558,s.N,0
medNg0,5,24558,sdd.max,0
medNg0,5,24558,sdd.rate,0
medNg0,5,26003,bird.hab,0
medNg0,5,26003,g.B,0
medNg0,5,26003,gamma,0
medNg0,5,26003,K,0
medNg0,5,26003,m,0.8495491841332984
medNg0,5,26003,mu,0.01941261473662648
medNg0,5,26003,N.0,0
medNg0,5,26003,n.ldd,0
medNg0,5,26003,p,0
medNg0,5,26003,p.c,0
medNg0,5,26003,p.f,0
medNg0,5,26003,s.B,0
medNg0,5,26003,s.c,0
medNg0,5,26003,s.M,0.13103820113007517
medNg0,5,26003,s.N,0
medNg0,5,26003,sdd.max,0
medNg0,5,26003,sdd.rate,0
meanNg0,1,13002,bird.hab,0
meanNg0,1,13002,g.B,0
meanNg0,1,13002,gamma,0
meanNg0,1,13002,K,0.5253044028410531
meanNg0,1,13002,m,0.47469559715894705
meanNg0,1,13002,mu,0
meanNg0,1,13002,N.0,0
meanNg0,1,13002,n.ldd,0
meanNg0,1,13002,p,0
meanNg0,1,13002,p.c,0
meanNg0,1,13002,p.f,0
meanNg0,1,13002,s.B,0
meanNg0,1,13002,s.c,0
meanNg0,1,13002,s.M,0
meanNg0,1,13002,s.N,0
meanNg0,1,13002,sdd.max,0
meanNg0,1,13002,sdd.rate,0
meanNg0,1,14446,bird.hab,0
meanNg0,1,14446,g.B,0
meanNg0,1,14446,gamma,0
meanNg0,1,14446,K,0.49808658512323556
meanNg0,1,14446,m,0.5019134148767644
meanNg0,1,14446,mu,0
meanNg0,1,14446,N.0,0
meanNg0,1,14446,n.ldd,0
meanNg0,1,14446,p,0
meanNg0,1,14446,p.c,0
meanNg0,1,14446,p.f,0
meanNg0,1,14446,s.B,0
meanNg0,1,14446,s.c,0
meanNg0,1,14446,s.M,0
meanNg0,1,14446,s.N,0
meanNg0,1,14446,sdd.max,0
meanNg0,1,14446,sdd.rate,0
meanNg0,1,15891,bird.hab,0
meanNg0,1,15891,g.B,0
meanNg0,1,15891,gamma,0
meanNg0,1,15891,K,0.5385933728410632
meanNg0,1,15891,m,0.46140662715893677
meanNg0,1,15891,mu,0
meanNg0,1,15891,N.0,0
meanNg0,1,15891,n.ldd,0
meanNg0,1,15891,p,0
meanNg0,1,15891,p.c,0
meanNg0,1,15891,p.f,0
meanNg0,1,15891,s.B,0
meanNg0,1,15891,s.c,0
meanNg0,1,15891,s.M,0
meanNg0,1,15891,s.N,0
meanNg0,1,15891,sdd.max,0
meanNg0,1,15891,sdd.rate,0
meanNg0,1,17335,bird.hab,0
meanNg0,1,17335,g.B,0
meanNg0,1,17335,gamma,0
meanNg0,1,17335,K,0.5227734214672125
meanNg0,1,17335,m,0.4772265785327875
meanNg0,1,17335,mu,0
meanNg0,1,17335,N.0,0
meanNg0,1,17335,n.ldd,0
meanNg0,1,17335,p,0
meanNg0,1,17335,p.c,0
meanNg0,1,17335,p.f,0
meanNg0,1,17335,s.B,0
meanNg0,1,17335,s.c,0
meanNg0,1,17335,s.M,0
meanNg0,1,17335,s.N,0
meanNg0,1,17335,sdd.max,0
meanNg0,1,17335,sdd.rate,0
meanNg0,1,18780,bird.hab,0
meanNg0,1,18780,g.B,0
meanNg0,1,18780,gamma,0
meanNg0,1,18780,K,0.5020378373291596
meanNg0,1,18780,m,0.4979621626708404
meanNg0,1,18780,mu,0
meanNg0,1,18780,N.0,0
meanNg0,1,18780,n.ldd,0
meanNg0,1,18780,p,0
meanNg0,1,18780,p.c,0
meanNg0,1,18780,p.f,0
meanNg0,1,18780,s.B,0
meanNg0,1,18780,s.c,0
meanNg0,1,18780,s.M,0
meanNg0,1,18780,s.N,0
meanNg0,1,18780,sdd.max,0
meanNg0,1,18780,sdd.rate,0
meanNg0,1,20225,bird.hab,0
meanNg0,1,20225,g.B,0
meanNg0,1,20225,gamma,0
meanNg0,1,20225,K,0.5007332024836666
meanNg0,1,20225,m,0.49926679751633346
meanNg0,1,20225,mu,0
meanNg0,1,20225,N.0,0
meanNg0,1,20225,n.ldd,0
meanNg0,1,20225,p,0
meanNg0,1,20225,p.c,0
meanNg0,1,20225,p.f,0
meanNg0,1,20225,s.B,0
meanNg0,1,20225,s.c,0
meanNg0,1,20225,s.M,0
meanNg0,1,20225,s.N,0
meanNg0,1,20225,sdd.max,0
meanNg0,1,20225,sdd.rate,0
meanNg0,1,21669,bird.hab,0
meanNg0,1,21669,g.B,0
meanNg0,1,21669,gamma,0
meanNg0,1,21669,K,0.5029782520365513
meanNg0,1,21669,m,0.4970217479634487
meanNg0,1,21669,mu,0
meanNg0,1,21669,N.0,0
meanNg0,1,21669,n.ldd,0
meanNg0,1,21669,p,0
meanNg0,1,21669,p.c,0
meanNg0,1,21669,p.f,0
meanNg0,1,21669,s.B,0
meanNg0,1,21669,s.c,0
meanNg0,1,21669,s.M,0
meanNg0,1,21669,s.N,0
meanNg0,1,21669,sdd.max,0
meanNg0,1,21669,sdd.rate,0
meanNg0,1,23114,bird.hab,0
meanNg0,1,23114,g.B,0
meanNg0,1,23114,gamma,0
meanNg0,1,23114,K,0.5001836260359777
meanNg0,1,23114,m,0.49981637396402234
meanNg0,1,23114,mu,0
meanNg0,1,23114,N.0,0
meanNg0,1,23114,n.ldd,0
meanNg0,1,23114,p,0
meanNg0,1,23114,p.c,0
meanNg0,1,23114,p.f,0
meanNg0,1,23114,s.B,0
meanNg0,1,23114,s.c,0
meanNg0,1,23114,s.M,0
meanNg0,1,23114,s.N,0
meanNg0,1,23114,sdd.max,0
meanNg0,1,23114,sdd.rate,0
meanNg0,1,24558,bird.hab,0
meanNg0,1,24558,g.B,0
meanNg0,1,24558,gamma,0
meanNg0,1,24558,K,0.5005177065367038
meanNg0,1,24558,m,0.4994822934632962
meanNg0,1,24558,mu,0
meanNg0,1,24558,N.0,0
meanNg0,1,24558,n.ldd,0
meanNg0,1,24558,p,0
meanNg0,1,24558,p.c,0
meanNg0,1,24558,p.f,0
meanNg0,1,24558,s.B,0
meanNg0,1,24558,s.c,0
meanNg0,1,24558,s.M,0
meanNg0,1,24558,s.N,0
meanNg0,1,24558,sdd.max,0
meanNg0,1,24558,sdd.rate,0
meanNg0,1,26003,bird.hab,0
meanNg0,1,26003,g.B,0
meanNg0,1,26003,gamma,0
meanNg0,1,26003,K,0.4844452699175166
meanNg0,1,26003,m,0.5155547300824834
meanNg0,1,26003,mu,0
meanNg0,1,26003,N.0,0
meanNg0,1,26003,n.ldd,0
meanNg0,1,26003,p,0
meanNg0,1,26003,p.c,0
meanNg0,1,26003,p.f,0
meanNg0,1,26003,s.B,0
meanNg0,1,26003,s.c,0
meanNg0,1,26003,s.M,0
meanNg0,1,26003,s.N,0
meanNg0,1,26003,sdd.max,0
meanNg0,1,26003,sdd.rate,0
meanNg0,3,13002,bird.hab,0
meanNg0,3,13002,g.B,0
meanNg0,3,13002,gamma,0
meanNg0,3,13002,K,0.4937920359931357
meanNg0,3,13002,m,0.5062079640068644
meanNg0,3,13002,mu,0
meanNg0,3,13002,N.0,0
meanNg0,3,13002,n.ldd,0
meanNg0,3,13002,p,0
meanNg0,3,13002,p.c,0
meanNg0,3,13002,p.f,0
meanNg0,3,13002,s.B,0
meanNg0,3,13002,s.c,0
meanNg0,3,13002,s.M,0
meanNg0,3,13002,s.N,0
meanNg0,3,13002,sdd.max,0
meanNg0,3,13002,sdd.rate,0
meanNg0,3,14446,bird.hab,0
meanNg0,3,14446,g.B,0
meanNg0,3,14446,gamma,0
meanNg0,3,14446,K,0.4863502152647277
meanNg0,3,14446,m,0.5136497847352723
meanNg0,3,14446,mu,0
meanNg0,3,14446,N.0,0
meanNg0,3,14446,n.ldd,0
meanNg0,3,14446,p,0
meanNg0,3,14446,p.c,0
meanNg0,3,14446,p.f,0
meanNg0,3,14446,s.B,0
meanNg0,3,14446,s.c,0
meanNg0,3,14446,s.M,0
meanNg0,3,14446,s.N,0
meanNg0,3,14446,sdd.max,0
meanNg0,3,14446,sdd.rate,0
meanNg0,3,15891,bird.hab,0
meanNg0,3,15891,g.B,0
meanNg0,3,15891,gamma,0
meanNg0,3,15891,K,0.48686763525294974
meanNg0,3,15891,m,0.5131323647470503
meanNg0,3,15891,mu,0
meanNg0,3,15891,N.0,0
meanNg0,3,15891,n.ldd,0
meanNg0,3,15891,p,0
meanNg0,3,15891,p.c,0
meanNg0,3,15891,p.f,0
meanNg0,3,15891,s.B,0
meanNg0,3,15891,s.c,0
meanNg0,3,15891,s.M,0
meanNg0,3,15891,s.N,0
meanNg0,3,15891,sdd.max,0
meanNg0,3,15891,sdd.rate,0
meanNg0,3,17335,bird.hab,0
meanNg0,3,17335,g.B,0
meanNg0,3,17335,gamma,0
meanNg0,3,17335,K,0.48621411601582876
meanNg0,3,17335,m,0.5137858839841711
meanNg0,3,17335,mu,0
meanNg0,3,17335,N.0,0
meanNg0,3,17335,n.ldd,0
meanNg0,3,17335,p,0
meanNg0,3,17335,p.c,0
meanNg0,3,17335,p.f,0
meanNg0,3,17335,s.B,0
meanNg0,3,17335,s.c,0
meanNg0,3,17335,s.M,0
meanNg0,3,17335,s.N,0
meanNg0,3,17335,sdd.max,0
meanNg0,3,17335,sdd.rate,0
meanNg0,3,18780,bird.hab,0
meanNg0,3,18780,g.B,0
meanNg0,3,18780,gamma,0
meanNg0,3,18780,K,0.4860394211236565
meanNg0,3,18780,m,0.5139605788763436
meanNg0,3,18780,mu,0
meanNg0,3,18780,N.0,0
meanNg0,3,18780,n.ldd,0
meanNg0,3,18780,p,0
meanNg0,3,18780,p.c,0
meanNg0,3,18780,p.f,0
meanNg0,3,18780,s.B,0
meanNg0,3,18780,s.c,0
meanNg0,3,18780,s.M,0
meanNg0,3,18780,s.N,0
meanNg0,3,18780,sdd.max,0
meanNg0,3,18780,sdd.rate,0
meanNg0,3,20225,bird.hab,0
meanNg0,3,20225,g.B,0
meanNg0,3,20225,gamma,0
meanNg0,3,20225,K,0.47548114975632927
meanNg0,3,20225,m,0.5222270277407791
meanNg0,3,20225,mu,0
meanNg0,3,20225,N.0,0
meanNg0,3,20225,n.ldd,0
meanNg0,3,20225,p,0
meanNg0,3,20225,p.c,0
meanNg0,3,20225,p.f,0
meanNg0,3,20225,s.B,0
meanNg0,3,20225,s.c,0
meanNg0,3,20225,s.M,0.00229182250289167
meanNg0,3,20225,s.N,0
meanNg0,3,20225,sdd.max,0
meanNg0,3,20225,sdd.rate,0
meanNg0,3,21669,bird.hab,0
meanNg0,3,21669,g.B,0
meanNg0,3,21669,gamma,0
meanNg0,3,21669,K,0.48104402051191836
meanNg0,3,21669,m,0.5189559794880817
meanNg0,3,21669,mu,0
meanNg0,3,21669,N.0,0
meanNg0,3,21669,n.ldd,0
meanNg0,3,21669,p,0
meanNg0,3,21669,p.c,0
meanNg0,3,21669,p.f,0
meanNg0,3,21669,s.B,0
meanNg0,3,21669,s.c,0
meanNg0,3,21669,s.M,0
meanNg0,3,21669,s.N,0
meanNg0,3,21669,sdd.max,0
meanNg0,3,21669,sdd.rate,0
meanNg0,3,23114,bird.hab,0
meanNg0,3,23114,g.B,0
meanNg0,3,23114,gamma,0
meanNg0,3,23114,K,0.4850227820452456
meanNg0,3,23114,m,0.5149772179547544
meanNg0,3,23114,mu,0
meanNg0,3,23114,N.0,0
meanNg0,3,23114,n.ldd,0
meanNg0,3,23114,p,0
meanNg0,3,23114,p.c,0
meanNg0,3,23114,p.f,0
meanNg0,3,23114,s.B,0
meanNg0,3,23114,s.c,0
meanNg0,3,23114,s.M,0
meanNg0,3,23114,s.N,0
meanNg0,3,23114,sdd.max,0
meanNg0,3,23114,sdd.rate,0
meanNg0,3,24558,bird.hab,0
meanNg0,3,24558,g.B,0
meanNg0,3,24558,gamma,0
meanNg0,3,24558,K,0.4900381008426015
meanNg0,3,24558,m,0.5099618991573984
meanNg0,3,24558,mu,0
meanNg0,3,24558,N.0,0
meanNg0,3,24558,n.ldd,0
meanNg0,3,24558,p,0
meanNg0,3,24558,p.c,0
meanNg0,3,24558,p.f,0
meanNg0,3,24558,s.B,0
meanNg0,3,24558,s.c,0
meanNg0,3,24558,s.M,0
meanNg0,3,24558,s.N,0
meanNg0,3,24558,sdd.max,0
meanNg0,3,24558,sdd.rate,0
meanNg0,3,26003,bird.hab,0
meanNg0,3,26003,g.B,0
meanNg0,3,26003,gamma,0
meanNg0,3,26003,K,0.4884249590834383
meanNg0,3,26003,m,0.5115750409165617
meanNg0,3,26003,mu,0
meanNg0,3,26003,N.0,0
meanNg0,3,26003,n.ldd,0
meanNg0,3,26003,p,0
meanNg0,3,26003,p.c,0
meanNg0,3,26003,p.f,0
meanNg0,3,26003,s.B,0
meanNg0,3,26003,s.c,0
meanNg0,3,26003,s.M,0
meanNg0,3,26003,s.N,0
meanNg0,3,26003,sdd.max,0
meanNg0,3,26003,sdd.rate,0
meanNg0,5,13002,bird.hab,0
meanNg0,5,13002,g.B,0
meanNg0,5,13002,gamma,0
meanNg0,5,13002,K,0.45368577865386067
meanNg0,5,13002,m,0.522296196759069
meanNg0,5,13002,mu,0
meanNg0,5,13002,N.0,0
meanNg0,5,13002,n.ldd,0
meanNg0,5,13002,p,0
meanNg0,5,13002,p.c,0
meanNg0,5,13002,p.f,0
meanNg0,5,13002,s.B,0
meanNg0,5,13002,s.c,0
meanNg0,5,13002,s.M,0.024018024587070346
meanNg0,5,13002,s.N,0
meanNg0,5,13002,sdd.max,0
meanNg0,5,13002,sdd.rate,0
meanNg0,5,14446,bird.hab,0
meanNg0,5,14446,g.B,0
meanNg0,5,14446,gamma,0
meanNg0,5,14446,K,0.4460913190351809
meanNg0,5,14446,m,0.5362228994294359
meanNg0,5,14446,mu,0
meanNg0,5,14446,N.0,0
meanNg0,5,14446,n.ldd,0
meanNg0,5,14446,p,0
meanNg0,5,14446,p.c,0
meanNg0,5,14446,p.f,0
meanNg0,5,14446,s.B,0
meanNg0,5,14446,s.c,0
meanNg0,5,14446,s.M,0.0176857815353832
meanNg0,5,14446,s.N,0
meanNg0,5,14446,sdd.max,0
meanNg0,5,14446,sdd.rate,0
meanNg0,5,15891,bird.hab,0
meanNg0,5,15891,g.B,0
meanNg0,5,15891,gamma,0
meanNg0,5,15891,K,0.44664601797397724
meanNg0,5,15891,m,0.5332206146051435
meanNg0,5,15891,mu,0
meanNg0,5,15891,N.0,0
meanNg0,5,15891,n.ldd,0
meanNg0,5,15891,p,0
meanNg0,5,15891,p.c,0
meanNg0,5,15891,p.f,0
meanNg0,5,15891,s.B,0
meanNg0,5,15891,s.c,0
meanNg0,5,15891,s.M,0.02013336742087935
meanNg0,5,15891,s.N,0
meanNg0,5,15891,sdd.max,0
meanNg0,5,15891,sdd.rate,0
meanNg0,5,17335,bird.hab,0
meanNg0,5,17335,g.B,0
meanNg0,5,17335,gamma,0
meanNg0,5,17335,K,0.4499819907009783
meanNg0,5,17335,m,0.5283414695427691
meanNg0,5,17335,mu,0
meanNg0,5,17335,N.0,0
meanNg0,5,17335,n.ldd,0
meanNg0,5,17335,p,0
meanNg0,5,17335,p.c,0
meanNg0,5,17335,p.f,0
meanNg0,5,17335,s.B,0
meanNg0,5,17335,s.c,0
meanNg0,5,17335,s.M,0.021676539756252694
meanNg0,5,17335,s.N,0
meanNg0,5,17335,sdd.max,0
meanNg0,5,17335,sdd.rate,0
meanNg0,5,18780,bird.hab,0
meanNg0,5,18780,g.B,0
meanNg0,5,18780,gamma,0
meanNg0,5,18780,K,0.449080758701272
meanNg0,5,18780,m,0.5330492342213766
meanNg0,5,18780,mu,0
meanNg0,5,18780,N.0,0
meanNg0,5,18780,n.ldd,0
meanNg0,5,18780,p,0
meanNg0,5,18780,p.c,0
meanNg0,5,18780,p.f,0
meanNg0,5,18780,s.B,0
meanNg0,5,18780,s.c,0
meanNg0,5,18780,s.M,0.017870007077351334
meanNg0,5,18780,s.N,0
meanNg0,5,18780,sdd.max,0
meanNg0,5,18780,sdd.rate,0
meanNg0,5,20225,bird.hab,0
meanNg0,5,20225,g.B,0
meanNg0,5,20225,gamma,0
meanNg0,5,20225,K,0.44214376250019277
meanNg0,5,20225,m,0.5391592766040362
meanNg0,5,20225,mu,0
meanNg0,5,20225,N.0,0
meanNg0,5,20225,n.ldd,0
meanNg0,5,20225,p,0
meanNg0,5,20225,p.c,0
meanNg0,5,20225,p.f,0
meanNg0,5,20225,s.B,0
meanNg0,5,20225,s.c,0
meanNg0,5,20225,s.M,0.01869696089577107
meanNg0,5,20225,s.N,0
meanNg0,5,20225,sdd.max,0
meanNg0,5,20225,sdd.rate,0
meanNg0,5,21669,bird.hab,0
meanNg0,5,21669,g.B,0
meanNg0,5,21669,gamma,0
meanNg0,5,21669,K,0.4444430904703887
meanNg0,5,21669,m,0.5352038831028806
meanNg0,5,21669,mu,0
meanNg0,5,21669,N.0,0
meanNg0,5,21669,n.ldd,0
meanNg0,5,21669,p,0
meanNg0,5,21669,p.c,0
meanNg0,5,21669,p.f,0
meanNg0,5,21669,s.B,0
meanNg0,5,21669,s.c,0
meanNg0,5,21669,s.M,0.020353026426730626
meanNg0,5,21669,s.N,0
meanNg0,5,21669,sdd.max,0
meanNg0,5,21669,sdd.rate,0
meanNg0,5,23114,bird.hab,0
meanNg0,5,23114,g.B,0
meanNg0,5,23114,gamma,0
meanNg0,5,23114,K,0.44421770322823756
meanNg0,5,23114,m,0.5330864638120371
meanNg0,5,23114,mu,0
meanNg0,5,23114,N.0,0
meanNg0,5,23114,n.ldd,0
meanNg0,5,23114,p,0
meanNg0,5,23114,p.c,0
meanNg0,5,23114,p.f,0
meanNg0,5,23114,s.B,0
meanNg0,5,23114,s.c,0
meanNg0,5,23114,s.M,0.02269583295972542
meanNg0,5,23114,s.N,0
meanNg0,5,23114,sdd.max,0
meanNg0,5,23114,sdd.rate,0
meanNg0,5,24558,bird.hab,0
meanNg0,5,24558,g.B,0
meanNg0,5,24558,gamma,0
meanNg0,5,24558,K,0.4451170918117232
meanNg0,5,24558,m,0.5318065663033535
meanNg0,5,24558,mu,0
meanNg0,5,24558,N.0,0
meanNg0,5,24558,n.ldd,0
meanNg0,5,24558,p,0
meanNg0,5,24558,p.c,0
meanNg0,5,24558,p.f,0
meanNg0,5,24558,s.B,0
meanNg0,5,24558,s.c,0
meanNg0,5,24558,s.M,0.02307634188492317
meanNg0,5,24558,s.N,0
meanNg0,5,24558,sdd.max,0
meanNg0,5,24558,sdd.rate,0
meanNg0,5,26003,bird.hab,0
meanNg0,5,26003,g.B,0
meanNg0,5,26003,gamma,0
meanNg0,5,26003,K,0.4443675785002778
meanNg0,5,26003,m,0.5352165581617525
meanNg0,5,26003,mu,0
meanNg0,5,26003,N.0,0
meanNg0,5,26003,n.ldd,0
meanNg0,5,26003,p,0
meanNg0,5,26003,p.c,0
meanNg0,5,26003,p.f,0
meanNg0,5,26003,s.B,0
meanNg0,5,26003,s.c,0
meanNg0,5,26003,s.M,0.020415863337969672
meanNg0,5,26003,s.N,0
meanNg0,5,26003,sdd.max,0
meanNg0,5,26003,sdd.rate,0
sdNg0,1,13002,bird.hab,0
sdNg0,1,13002,g.B,0
sdNg0,1,13002,gamma,0
sdNg0,1,13002,K,1
sdNg0,1,13002,m,0
sdNg0,1,13002,mu,0
sdNg0,1,13002,N.0,0
sdNg0,1,13002,n.ldd,0
sdNg0,1,13002,p,0
sdNg0,1,13002,p.c,0
sdNg0,1,13002,p.f,0
sdNg0,1,13002,s.B,0
sdNg0,1,13002,s.c,0
sdNg0,1,13002,s.M,0
sdNg0,1,13002,s.N,0
sdNg0,1,13002,sdd.max,0
sdNg0,1,13002,sdd.rate,0
sdNg0,1,14446,bird.hab,0
sdNg0,1,14446,g.B,0
sdNg0,1,14446,gamma,0
sdNg0,1,14446,K,1
sdNg0,1,14446,m,0
sdNg0,1,14446,mu,0
sdNg0,1,14446,N.0,0
sdNg0,1,14446,n.ldd,0
sdNg0,1,14446,p,0
sdNg0,1,14446,p.c,0
sdNg0,1,14446,p.f,0
sdNg0,1,14446,s.B,0
sdNg0,1,14446,s.c,0
sdNg0,1,14446,s.M,0
sdNg0,1,14446,s.N,0
sdNg0,1,14446,sdd.max,0
sdNg0,1,14446,sdd.rate,0
sdNg0,1,15891,bird.hab,0
sdNg0,1,15891,g.B,0
sdNg0,1,15891,gamma,0
sdNg0,1,15891,K,1
sdNg0,1,15891,m,0
sdNg0,1,15891,mu,0
sdNg0,1,15891,N.0,0
sdNg0,1,15891,n.ldd,0
sdNg0,1,15891,p,0
sdNg0,1,15891,p.c,0
sdNg0,1,15891,p.f,0
sdNg0,1,15891,s.B,0
sdNg0,1,15891,s.c,0
sdNg0,1,15891,s.M,0
sdNg0,1,15891,s.N,0
sdNg0,1,15891,sdd.max,0
sdNg0,1,15891,sdd.rate,0
sdNg0,1,17335,bird.hab,0
sdNg0,1,17335,g.B,0
sdNg0,1,17335,gamma,0
sdNg0,1,17335,K,1
sdNg0,1,17335,m,0
sdNg0,1,17335,mu,0
sdNg0,1,17335,N.0,0
sdNg0,1,17335,n.ldd,0
sdNg0,1,17335,p,0
sdNg0,1,17335,p.c,0
sdNg0,1,17335,p.f,0
sdNg0,1,17335,s.B,0
sdNg0,1,17335,s.c,0
sdNg0,1,17335,s.M,0
sdNg0,1,17335,s.N,0
sdNg0,1,17335,sdd.max,0
sdNg0,1,17335,sdd.rate,0
sdNg0,1,18780,bird.hab,0
sdNg0,1,18780,g.B,0
sdNg0,1,18780,gamma,0
sdNg0,1,18780,K,1
sdNg0,1,18780,m,0
sdNg0,1,18780,mu,0
sdNg0,1,18780,N.0,0
sdNg0,1,18780,n.ldd,0
sdNg0,1,18780,p,0
sdNg0,1,18780,p.c,0
sdNg0,1,18780,p.f,0
sdNg0,1,18780,s.B,0
sdNg0,1,18780,s.c,0
sdNg0,1,18780,s.M,0
sdNg0,1,18780,s.N,0
sdNg0,1,18780,sdd.max,0
sdNg0,1,18780,sdd.rate,0
sdNg0,1,20225,bird.hab,0
sdNg0,1,20225,g.B,0
sdNg0,1,20225,gamma,0
sdNg0,1,20225,K,1
sdNg0,1,20225,m,0
sdNg0,1,20225,mu,0
sdNg0,1,20225,N.0,0
sdNg0,1,20225,n.ldd,0
sdNg0,1,20225,p,0
sdNg0,1,20225,p.c,0
sdNg0,1,20225,p.f,0
sdNg0,1,20225,s.B,0
sdNg0,1,20225,s.c,0
sdNg0,1,20225,s.M,0
sdNg0,1,20225,s.N,0
sdNg0,1,20225,sdd.max,0
sdNg0,1,20225,sdd.rate,0
sdNg0,1,21669,bird.hab,0
sdNg0,1,21669,g.B,0
sdNg0,1,21669,gamma,0
sdNg0,1,21669,K,1
sdNg0,1,21669,m,0
sdNg0,1,21669,mu,0
sdNg0,1,21669,N.0,0
sdNg0,1,21669,n.ldd,0
sdNg0,1,21669,p,0
sdNg0,1,21669,p.c,0
sdNg0,1,21669,p.f,0
sdNg0,1,21669,s.B,0
sdNg0,1,21669,s.c,0
sdNg0,1,21669,s.M,0
sdNg0,1,21669,s.N,0
sdNg0,1,21669,sdd.max,0
sdNg0,1,21669,sdd.rate,0
sdNg0,1,23114,bird.hab,0
sdNg0,1,23114,g.B,0
sdNg0,1,23114,gamma,0
sdNg0,1,23114,K,1
sdNg0,1,23114,m,0
sdNg0,1,23114,mu,0
sdNg0,1,23114,N.0,0
sdNg0,1,23114,n.ldd,0
sdNg0,1,23114,p,0
sdNg0,1,23114,p.c,0
sdNg0,1,23114,p.f,0
sdNg0,1,23114,s.B,0
sdNg0,1,23114,s.c,0
sdNg0,1,23114,s.M,0
sdNg0,1,23114,s.N,0
sdNg0,1,23114,sdd.max,0
sdNg0,1,23114,sdd.rate,0
sdNg0,1,24558,bird.hab,0
sdNg0,1,24558,g.B,0
sdNg0,1,24558,gamma,0
sdNg0,1,24558,K,1
sdNg0,1,24558,m,0
sdNg0,1,24558,mu,0
sdNg0,1,24558,N.0,0
sdNg0,1,24558,n.ldd,0
sdNg0,1,24558,p,0
sdNg0,1,24558,p.c,0
sdNg0,1,24558,p.f,0
sdNg0,1,24558,s.B,0
sdNg0,1,24558,s.c,0
sdNg0,1,24558,s.M,0
sdNg0,1,24558,s.N,0
sdNg0,1,24558,sdd.max,0
sdNg0,1,24558,sdd.rate,0
sdNg0,1,26003,bird.hab,0
sdNg0,1,26003,g.B,0
sdNg0,1,26003,gamma,0
sdNg0,1,26003,K,1
sdNg0,1,26003,m,0
sdNg0,1,26003,mu,0
sdNg0,1,26003,N.0,0
sdNg0,1,26003,n.ldd,0
sdNg0,1,26003,p,0
sdNg0,1,26003,p.c,0
sdNg0,1,26003,p.f,0
sdNg0,1,26003,s.B,0
sdNg0,1,26003,s.c,0
sdNg0,1,26003,s.M,0
sdNg0,1,26003,s.N,0
sdNg0,1,26003,sdd.max,0
sdNg0,1,26003,sdd.rate,0
sdNg0,3,13002,bird.hab,0
sdNg0,3,13002,g.B,0
sdNg0,3,13002,gamma,0
sdNg0,3,13002,K,0.9959676300820446
sdNg0,3,13002,m,0.004032369917955332
sdNg0,3,13002,mu,0
sdNg0,3,13002,N.0,0
sdNg0,3,13002,n.ldd,0
sdNg0,3,13002,p,0
sdNg0,3,13002,p.c,0
sdNg0,3,13002,p.f,0
sdNg0,3,13002,s.B,0
sdNg0,3,13002,s.c,0
sdNg0,3,13002,s.M,0
sdNg0,3,13002,s.N,0
sdNg0,3,13002,sdd.max,0
sdNg0,3,13002,sdd.rate,0
sdNg0,3,14446,bird.hab,0
sdNg0,3,14446,g.B,0
sdNg0,3,14446,gamma,0
sdNg0,3,14446,K,0.9900474620112882
sdNg0,3,14446,m,0.009952537988711768
sdNg0,3,14446,mu,0
sdNg0,3,14446,N.0,0
sdNg0,3,14446,n.ldd,0
sdNg0,3,14446,p,0
sdNg0,3,14446,p.c,0
sdNg0,3,14446,p.f,0
sdNg0,3,14446,s.B,0
sdNg0,3,14446,s.c,0
sdNg0,3,14446,s.M,0
sdNg0,3,14446,s.N,0
sdNg0,3,14446,sdd.max,0
sdNg0,3,14446,sdd.rate,0
sdNg0,3,15891,bird.hab,0
sdNg0,3,15891,g.B,0
sdNg0,3,15891,gamma,0
sdNg0,3,15891,K,0.9967346084661588
sdNg0,3,15891,m,0.0032653915338411647
sdNg0,3,15891,mu,0
sdNg0,3,15891,N.0,0
sdNg0,3,15891,n.ldd,0
sdNg0,3,15891,p,0
sdNg0,3,15891,p.c,0
sdNg0,3,15891,p.f,0
sdNg0,3,15891,s.B,0
sdNg0,3,15891,s.c,0
sdNg0,3,15891,s.M,0
sdNg0,3,15891,s.N,0
sdNg0,3,15891,sdd.max,0
sdNg0,3,15891,sdd.rate,0
sdNg0,3,17335,bird.hab,0
sdNg0,3,17335,g.B,0
sdNg0,3,17335,gamma,0
sdNg0,3,17335,K,0.9968825989254833
sdNg0,3,17335,m,0.0031174010745167297
sdNg0,3,17335,mu,0
sdNg0,3,17335,N.0,0
sdNg0,3,17335,n.ldd,0
sdNg0,3,17335,p,0
sdNg0,3,17335,p.c,0
sdNg0,3,17335,p.f,0
sdNg0,3,17335,s.B,0
sdNg0,3,17335,s.c,0
sdNg0,3,17335,s.M,0
sdNg0,3,17335,s.N,0
sdNg0,3,17335,sdd.max,0
sdNg0,3,17335,sdd.rate,0
sdNg0,3,18780,bird.hab,0
sdNg0,3,18780,g.B,0
sdNg0,3,18780,gamma,0
sdNg0,3,18780,K,0.9925341272623441
sdNg0,3,18780,m,0.007465872737655838
sdNg0,3,18780,mu,0
sdNg0,3,18780,N.0,0
sdNg0,3,18780,n.ldd,0
sdNg0,3,18780,p,0
sdNg0,3,18780,p.c,0
sdNg0,3,18780,p.f,0
sdNg0,3,18780,s.B,0
sdNg0,3,18780,s.c,0
sdNg0,3,18780,s.M,0
sdNg0,3,18780,s.N,0
sdNg0,3,18780,sdd.max,0
sdNg0,3,18780,sdd.rate,0
sdNg0,3,20225,bird.hab,0
sdNg0,3,20225,g.B,0
sdNg0,3,20225,gamma,0
sdNg0,3,20225,K,0.9924556850329047
sdNg0,3,20225,m,0.007544314967095231
sdNg0,3,20225,mu,0
sdNg0,3,20225,N.0,0
sdNg0,3,20225,n.ldd,0
sdNg0,3,20225,p,0
sdNg0,3,20225,p.c,0
sdNg0,3,20225,p.f,0
sdNg0,3,20225,s.B,0
sdNg0,3,20225,s.c,0
sdNg0,3,20225,s.M,0
sdNg0,3,20225,s.N,0
sdNg0,3,20225,sdd.max,0
sdNg0,3,20225,sdd.rate,0
sdNg0,3,21669,bird.hab,0
sdNg0,3,21669,g.B,0
sdNg0,3,21669,gamma,0
sdNg0,3,21669,K,0.9945766855854137
sdNg0,3,21669,m,0.005423314414586223
sdNg0,3,21669,mu,0
sdNg0,3,21669,N.0,0
sdNg0,3,21669,n.ldd,0
sdNg0,3,21669,p,0
sdNg0,3,21669,p.c,0
sdNg0,3,21669,p.f,0
sdNg0,3,21669,s.B,0
sdNg0,3,21669,s.c,0
sdNg0,3,21669,s.M,0
sdNg0,3,21669,s.N,0
sdNg0,3,21669,sdd.max,0
sdNg0,3,21669,sdd.rate,0
sdNg0,3,23114,bird.hab,0
sdNg0,3,23114,g.B,0
sdNg0,3,23114,gamma,0
sdNg0,3,23114,K,0.9923923683749419
sdNg0,3,23114,m,0.0076076316250581425
sdNg0,3,23114,mu,0
sdNg0,3,23114,N.0,0
sdNg0,3,23114,n.ldd,0
sdNg0,3,23114,p,0
sdNg0,3,23114,p.c,0
sdNg0,3,23114,p.f,0
sdNg0,3,23114,s.B,0
sdNg0,3,23114,s.c,0
sdNg0,3,23114,s.M,0
sdNg0,3,23114,s.N,0
sdNg0,3,23114,sdd.max,0
sdNg0,3,23114,sdd.rate,0
sdNg0,3,24558,bird.hab,0
sdNg0,3,24558,g.B,0
sdNg0,3,24558,gamma,0
sdNg0,3,24558,K,0.9953523869184145
sdNg0,3,24558,m,0.004647613081585438
sdNg0,3,24558,mu,0
sdNg0,3,24558,N.0,0
sdNg0,3,24558,n.ldd,0
sdNg0,3,24558,p,0
sdNg0,3,24558,p.c,0
sdNg0,3,24558,p.f,0
sdNg0,3,24558,s.B,0
sdNg0,3,24558,s.c,0
sdNg0,3,24558,s.M,0
sdNg0,3,24558,s.N,0
sdNg0,3,24558,sdd.max,0
sdNg0,3,24558,sdd.rate,0
sdNg0,3,26003,bird.hab,0
sdNg0,3,26003,g.B,0
sdNg0,3,26003,gamma,0
sdNg0,3,26003,K,0.9921955837356583
sdNg0,3,26003,m,0.007804416264341711
sdNg0,3,26003,mu,0
sdNg0,3,26003,N.0,0
sdNg0,3,26003,n.ldd,0
sdNg0,3,26003,p,0
sdNg0,3,26003,p.c,0
sdNg0,3,26003,p.f,0
sdNg0,3,26003,s.B,0
sdNg0,3,26003,s.c,0
sdNg0,3,26003,s.M,0
sdNg0,3,26003,s.N,0
sdNg0,3,26003,sdd.max,0
sdNg0,3,26003,sdd.rate,0
sdNg0,5,13002,bird.hab,0
sdNg0,5,13002,g.B,0
sdNg0,5,13002,gamma,0
sdNg0,5,13002,K,0.9674959272844419
sdNg0,5,13002,m,0.032504072715558226
sdNg0,5,13002,mu,0
sdNg0,5,13002,N.0,0
sdNg0,5,13002,n.ldd,0
sdNg0,5,13002,p,0
sdNg0,5,13002,p.c,0
sdNg0,5,13002,p.f,0
sdNg0,5,13002,s.B,0
sdNg0,5,13002,s.c,0
sdNg0,5,13002,s.M,0
sdNg0,5,13002,s.N,0
sdNg0,5,13002,sdd.max,0
sdNg0,5,13002,sdd.rate,0
sdNg0,5,14446,bird.hab,0
sdNg0,5,14446,g.B,0
sdNg0,5,14446,gamma,0
sdNg0,5,14446,K,0.9612776779910399
sdNg0,5,14446,m,0.03872232200896003
sdNg0,5,14446,mu,0
sdNg0,5,14446,N.0,0
sdNg0,5,14446,n.ldd,0
sdNg0,5,14446,p,0
sdNg0,5,14446,p.c,0
sdNg0,5,14446,p.f,0
sdNg0,5,14446,s.B,0
sdNg0,5,14446,s.c,0
sdNg0,5,14446,s.M,0
sdNg0,5,14446,s.N,0
sdNg0,5,14446,sdd.max,0
sdNg0,5,14446,sdd.rate,0
sdNg0,5,15891,bird.hab,0
sdNg0,5,15891,g.B,0
sdNg0,5,15891,gamma,0
sdNg0,5,15891,K,0.9665684390412185
sdNg0,5,15891,m,0.03343156095878153
sdNg0,5,15891,mu,0
sdNg0,5,15891,N.0,0
sdNg0,5,15891,n.ldd,0
sdNg0,5,15891,p,0
sdNg0,5,15891,p.c,0
sdNg0,5,15891,p.f,0
sdNg0,5,15891,s.B,0
sdNg0,5,15891,s.c,0
sdNg0,5,15891,s.M,0
sdNg0,5,15891,s.N,0
sdNg0,5,15891,sdd.max,0
sdNg0,5,15891,sdd.rate,0
sdNg0,5,17335,bird.hab,0
sdNg0,5,17335,g.B,0
sdNg0,5,17335,gamma,0
sdNg0,5,17335,K,0.9694399810696852
sdNg0,5,17335,m,0.030560018930314802
sdNg0,5,17335,mu,0
sdNg0,5,17335,N.0,0
sdNg0,5,17335,n.ldd,0
sdNg0,5,17335,p,0
sdNg0,5,17335,p.c,0
sdNg0,5,17335,p.f,0
sdNg0,5,17335,s.B,0
sdNg0,5,17335,s.c,0
sdNg0,5,17335,s.M,0
sdNg0,5,17335,s.N,0
sdNg0,5,17335,sdd.max,0
sdNg0,5,17335,sdd.rate,0
sdNg0,5,18780,bird.hab,0
sdNg0,5,18780,g.B,0
sdNg0,5,18780,gamma,0
sdNg0,5,18780,K,0.9658388441772826
sdNg0,5,18780,m,0.0341611558227174
sdNg0,5,18780,mu,0
sdNg0,5,18780,N.0,0
sdNg0,5,18780,n.ldd,0
sdNg0,5,18780,p,0
sdNg0,5,18780,p.c,0
sdNg0,5,18780,p.f,0
sdNg0,5,18780,s.B,0
sdNg0,5,18780,s.c,0
sdNg0,5,18780,s.M,0
sdNg0,5,18780,s.N,0
sdNg0,5,18780,sdd.max,0
sdNg0,5,18780,sdd.rate,0
sdNg0,5,20225,bird.hab,0
sdNg0,5,20225,g.B,0
sdNg0,5,20225,gamma,0
sdNg0,5,20225,K,0.9646432904562924
sdNg0,5,20225,m,0.03535670954370764
sdNg0,5,20225,mu,0
sdNg0,5,20225,N.0,0
sdNg0,5,20225,n.ldd,0
sdNg0,5,20225,p,0
sdNg0,5,20225,p.c,0
sdNg0,5,20225,p.f,0
sdNg0,5,20225,s.B,0
sdNg0,5,20225,s.c,0
sdNg0,5,20225,s.M,0
sdNg0,5,20225,s.N,0
sdNg0,5,20225,sdd.max,0
sdNg0,5,20225,sdd.rate,0
sdNg0,5,21669,bird.hab,0
sdNg0,5,21669,g.B,0
sdNg0,5,21669,gamma,0
sdNg0,5,21669,K,0.966764544587233
sdNg0,5,21669,m,0.033235455412767005
sdNg0,5,21669,mu,0
sdNg0,5,21669,N.0,0
sdNg0,5,21669,n.ldd,0
sdNg0,5,21669,p,0
sdNg0,5,21669,p.c,0
sdNg0,5,21669,p.f,0
sdNg0,5,21669,s.B,0
sdNg0,5,21669,s.c,0
sdNg0,5,21669,s.M,0
sdNg0,5,21669,s.N,0
sdNg0,5,21669,sdd.max,0
sdNg0,5,21669,sdd.rate,0
sdNg0,5,23114,bird.hab,0
sdNg0,5,23114,g.B,0
sdNg0,5,23114,gamma,0
sdNg0,5,23114,K,0.9637089836120183
sdNg0,5,23114,m,0.036291016387981816
sdNg0,5,23114,mu,0
sdNg0,5,23114,N.0,0
sdNg0,5,23114,n.ldd,0
sdNg0,5,23114,p,0
sdNg0,5,23114,p.c,0
sdNg0,5,23114,p.f,0
sdNg0,5,23114,s.B,0
sdNg0,5,23114,s.c,0
sdNg0,5,23114,s.M,0
sdNg0,5,23114,s.N,0
sdNg0,5,23114,sdd.max,0
sdNg0,5,23114,sdd.rate,0
sdNg0,5,24558,bird.hab,0
sdNg0,5,24558,g.B,0
sdNg0,5,24558,gamma,0
sdNg0,5,24558,K,0.965965196245979
sdNg0,5,24558,m,0.03403480375402091
sdNg0,5,24558,mu,0
sdNg0,5,24558,N.0,0
sdNg0,5,24558,n.ldd,0
sdNg0,5,24558,p,0
sdNg0,5,24558,p.c,0
sdNg0,5,24558,p.f,0
sdNg0,5,24558,s.B,0
sdNg0,5,24558,s.c,0
sdNg0,5,24558,s.M,0
sdNg0,5,24558,s.N,0
sdNg0,5,24558,sdd.max,0
sdNg0,5,24558,sdd.rate,0
sdNg0,5,26003,bird.hab,0
sdNg0,5,26003,g.B,0
sdNg0,5,26003,gamma,0
sdNg0,5,26003,K,0.9651081657067302
sdNg0,5,26003,m,0.034891834293269836
sdNg0,5,26003,mu,0
sdNg0,5,26003,N.0,0
sdNg0,5,26003,n.ldd,0
sdNg0,5,26003,p,0
sdNg0,5,26003,p.c,0
sdNg0,5,26003,p.f,0
sdNg0,5,26003,s.B,0
sdNg0,5,26003,s.c,0
sdNg0,5,26003,s.M,0
sdNg0,5,26003,s.N,0
sdNg0,5,26003,sdd.max,0
sdNg0,5,26003,sdd.rate,0
