x,y,x_y,Opn,Oth,Dec,Evg,WP,Mxd,lon,lat,inbd,id,id.in,in.UNH,Property,id.full,id.in.full
29,23,29_23,0.260930941,0.134574661,0.100328349,0.149759885,0.158194966,0.196211203,786000,4809000,TRUE,1,1,FALSE,NA,1393,992
30,23,30_23,0.044313042,0.194747476,0.244519931,0.127005817,0.106164851,0.283248874,789000,4809000,TRUE,2,2,FALSE,NA,1394,993
31,23,31_23,0.057791048,0.216503562,0.214509996,0.082438379,0.133020407,0.295736608,792000,4809000,TRUE,3,3,FALSE,NA,1395,994
32,23,32_23,0.081608937,0.203579883,0.340874832,0.019510916,0.045748414,0.308677005,795000,4809000,TRUE,4,4,FALSE,NA,1396,995
33,23,33_23,0.084187243,0.080654716,0.371969956,0.003480537,0.023076347,0.43663119,798000,4809000,TRUE,5,5,FALSE,NA,1397,996
34,23,34_23,0.099674929,0.170901905,0.185752678,0.004260495,0.062025595,0.477384408,801000,4809000,TRUE,6,6,FALSE,NA,1398,997
35,23,35_23,0.089324261,0.081197114,0.135984749,0.011345643,0.081979907,0.600168331,804000,4809000,TRUE,7,7,FALSE,NA,1399,998
36,23,36_23,0.101403704,0.047611335,0.245819649,0.005152956,0.050027465,0.549984893,807000,4809000,TRUE,8,8,FALSE,NA,1400,999
37,23,37_23,0.038505809,0.090219918,0.176249549,0.002102663,0.172021135,0.520900931,810000,4809000,TRUE,9,9,FALSE,NA,1401,1000
38,23,38_23,0.098955977,0.09949453,0.190375255,0.006004273,0.139334549,0.465835437,813000,4809000,TRUE,10,10,FALSE,NA,1402,1001
39,23,39_23,0.080478042,0.052403784,0.30828488,0.011352799,0.070604028,0.476876468,816000,4809000,TRUE,11,11,FALSE,NA,1403,1002
40,23,40_23,0.130866238,0.069072172,0.395074662,0.005316168,0.007551406,0.392119352,819000,4809000,TRUE,12,12,FALSE,NA,1404,1003
41,23,41_23,0.226043721,0.166343747,0.252633292,0.001759222,0.038736873,0.314483151,822000,4809000,TRUE,13,13,FALSE,NA,1405,1004
42,23,42_23,0.480759384,0.155035252,0.087008482,0.005498223,0.043802272,0.227896393,825000,4809000,TRUE,14,14,FALSE,NA,1406,1005
43,23,43_23,0.352994522,0.108842974,0.01779833,0.010279633,0.163379271,0.346705261,828000,4809000,TRUE,15,15,FALSE,NA,1407,1006
44,23,44_23,0.326224541,0.016294339,0.008171347,0.008304274,0.262760673,0.378244811,831000,4809000,TRUE,16,16,FALSE,NA,1408,1007
45,23,45_23,0.267227817,0.027612397,0.019827028,0.011697235,0.216790777,0.45684475,834000,4809000,TRUE,17,17,FALSE,NA,1409,1008
46,23,46_23,0.283123074,0.020058671,0.048574387,0.022292594,0.146312286,0.479638981,837000,4809000,TRUE,18,18,FALSE,NA,1410,1009
47,23,47_23,0.131724932,0.145179244,0.145367639,0.04036615,0.108688218,0.42867384,840000,4809000,TRUE,19,19,FALSE,NA,1411,1010
48,23,48_23,0.186411504,0.14305343,0.060578804,0.025521705,0.219103981,0.36533057,843000,4809000,TRUE,20,20,FALSE,NA,1412,1011
49,23,49_23,0.257894985,0.124723321,0.029902887,0.014083831,0.174996379,0.398398581,846000,4809000,TRUE,21,21,FALSE,NA,1413,1012
50,23,50_23,0.158800404,0.158231125,0.048403685,0.019703284,0.133749549,0.481111947,849000,4809000,TRUE,22,22,FALSE,NA,1414,1013
51,23,51_23,0.163395029,0.072966682,0.073866833,0.019542584000000002,0.103960146,0.566268713,852000,4809000,TRUE,23,23,FALSE,NA,1415,1014
29,24,29_24,0.15035695600000001,0.176110973,0.250221976,0.096495662,0.124743988,0.202070465,786000,4806000,TRUE,24,24,FALSE,NA,1455,1040
30,24,30_24,0.026245166,0.146877732,0.288577735,0.111866517,0.100554695,0.32587816,789000,4806000,TRUE,25,25,FALSE,NA,1456,1041
31,24,31_24,0.030608294,0.240513389,0.126822656,0.152763111,0.194629388,0.254663161,792000,4806000,TRUE,26,26,FALSE,NA,1457,1042
32,24,32_24,0.06532516,0.307497639,0.188903534,0.063773541,0.173548982,0.200951123,795000,4806000,TRUE,27,27,FALSE,NA,1458,1043
33,24,33_24,0.187080086,0.187589507,0.152838905,0.017322897,0.097541241,0.357627368,798000,4806000,TRUE,28,28,FALSE,NA,1459,1044
34,24,34_24,0.177613759,0.182431472,0.10881257,0.006027539,0.116097488,0.409017143,801000,4806000,TRUE,29,29,FALSE,NA,1460,1045
35,24,35_24,0.1113813,0.10566783,0.066308929,0.012275077,0.313511002,0.390855852,804000,4806000,TRUE,30,30,FALSE,NA,1461,1046
36,24,36_24,0.049405643,0.079248223,0.039695674,0.033143038,0.465608459,0.332898966,807000,4806000,TRUE,31,31,FALSE,NA,1462,1047
37,24,37_24,0.026442036,0.055145548,0.097045461,0.007264007,0.295951381,0.518151556,810000,4806000,TRUE,32,32,FALSE,NA,1463,1048
38,24,38_24,0.053621763,0.039126448,0.316490277,0.013434453,0.11625175,0.461075292,813000,4806000,TRUE,33,33,FALSE,NA,1464,1049
39,24,39_24,0.051873471,0.11028362,0.303755945,0.012619784,0.058491095,0.462976078,816000,4806000,TRUE,34,34,FALSE,NA,1465,1050
40,24,40_24,0.107098636,0.259240608,0.210638471,0.005529146,0.040642062,0.376851074,819000,4806000,TRUE,35,35,FALSE,NA,1466,1051
41,24,41_24,0.303741005,0.201370605,0.091022322,0.017787279,0.062782466,0.323296316,822000,4806000,TRUE,36,36,FALSE,NA,1467,1052
42,24,42_24,0.42678492,0.190664605,0.043108773,0.004633688,0.105837287,0.228970737,825000,4806000,TRUE,37,37,FALSE,NA,1468,1053
43,24,43_24,0.288400106,0.084198514,0.088878611,0.017097348,0.144188225,0.377237215,828000,4806000,TRUE,38,38,FALSE,NA,1469,1054
44,24,44_24,0.279977567,0.276527738,0.006422511,0.007095759,0.154796434,0.275180001,831000,4806000,TRUE,39,39,FALSE,NA,1470,1055
45,24,45_24,0.251730134,0.07771154,0.018016904,0.01212412,0.21688101,0.423536287,834000,4806000,TRUE,40,40,FALSE,NA,1471,1056
46,24,46_24,0.192964302,0.050842991,0.102083662,0.037519552,0.179861186,0.436728305,837000,4806000,TRUE,41,41,FALSE,NA,1472,1057
47,24,47_24,0.202147744,0.057426215,0.031193659,0.023606285,0.262312828,0.423313274,840000,4806000,TRUE,42,42,FALSE,NA,1473,1058
48,24,48_24,0.271929235,0.155338726,0.032377402,0.015337294,0.128026298,0.396991036,843000,4806000,TRUE,43,43,FALSE,NA,1474,1059
49,24,49_24,0.248356201,0.097654857,0.041525227,0.014615754,0.112744543,0.485103419,846000,4806000,TRUE,44,44,FALSE,NA,1475,1060
50,24,50_24,0.171721197,0.112442483,0.047917022,0.01721979,0.092897463,0.557802043,849000,4806000,TRUE,45,45,FALSE,NA,1476,1061
51,24,51_24,0.163350717,0.061182018,0.051020453,0.012456348,0.056705467,0.655284993,852000,4806000,TRUE,46,46,FALSE,NA,1477,1062
29,25,29_25,0.128116339,0.116447967,0.244744973,0.083163311,0.169153457,0.258373973,786000,4803000,TRUE,47,47,FALSE,NA,1517,1088
30,25,30_25,0.066644449,0.211998472,0.281725172,0.036480069,0.104410416,0.298741433,789000,4803000,TRUE,48,48,FALSE,NA,1518,1089
31,25,31_25,0.065526302,0.218162002,0.234755078,0.047353311,0.196093764,0.238109558,792000,4803000,TRUE,49,49,FALSE,NA,1519,1090
32,25,32_25,0.19529083,0.198600683,0.077625294,0.069881403,0.206313684,0.252288133,795000,4803000,TRUE,50,50,FALSE,NA,1520,1091
33,25,33_25,0.228385357,0.149310029,0.134549046,0.015582543,0.068259377,0.403913651,798000,4803000,TRUE,51,51,FALSE,NA,1521,1092
34,25,34_25,0.070461878,0.068165085,0.230266839,0.024673538,0.077510373,0.528922289,801000,4803000,TRUE,52,52,FALSE,NA,1522,1093
35,25,35_25,0.101493177,0.144390863,0.160712624,0.026552949,0.106344264,0.460506122,804000,4803000,TRUE,53,53,FALSE,NA,1523,1094
36,25,36_25,0.105329926,0.097657827,0.064715831,0.007965556,0.265234402,0.459096444,807000,4803000,TRUE,54,54,FALSE,NA,1524,1095
37,25,37_25,0.040597972,0.056251857,0.160326169,0.012474855,0.255668916,0.474680234,810000,4803000,TRUE,55,55,FALSE,NA,1525,1096
38,25,38_25,0.043116231,0.04020431,0.168249163,0.021285651,0.073062727,0.654081911,813000,4803000,TRUE,56,56,FALSE,NA,1526,1097
39,25,39_25,0.100947027,0.148997403,0.13463575,0.042900471,0.080959501,0.491559834,816000,4803000,TRUE,57,57,FALSE,NA,1527,1098
40,25,40_25,0.167384776,0.126471697,0.183851805,0.015915428,0.050345728,0.456030572,819000,4803000,TRUE,58,58,FALSE,NA,1528,1099
41,25,41_25,0.21963672,0.080075736,0.153697857,0.010171844,0.084877181,0.451540656,822000,4803000,TRUE,59,59,FALSE,NA,1529,1100
42,25,42_25,0.62280177,0.122853946,0.043269791,0.001335879,0.076589449,0.13314916,825000,4803000,TRUE,60,60,FALSE,NA,1530,1101
43,25,43_25,0.267497255,0.085525533,0.152348447,0.015913645,0.037465942,0.441249181,828000,4803000,TRUE,61,61,FALSE,NA,1531,1102
44,25,44_25,0.163602906,0.296297291,0.045630776,0.001630685,0.093662178,0.399176179,831000,4803000,TRUE,62,62,FALSE,NA,1532,1103
45,25,45_25,0.291528791,0.079998734,0.08316323,0.014521606,0.115836955,0.41495069,834000,4803000,TRUE,63,63,FALSE,NA,1533,1104
46,25,46_25,0.227369715,0.073050417,0.067108438,0.012959331,0.068990441,0.550521664,837000,4803000,TRUE,64,64,FALSE,NA,1534,1105
47,25,47_25,0.229602792,0.1188429,0.019346093,0.011449883,0.113900706,0.506857628,840000,4803000,TRUE,65,65,FALSE,NA,1535,1106
48,25,48_25,0.275355118,0.129878395,0.025629135,0.019561171,0.187091449,0.362484729,843000,4803000,TRUE,66,66,FALSE,NA,1536,1107
49,25,49_25,0.199958973,0.033007214,0.068966665,0.028363306,0.156744227,0.512959626,846000,4803000,TRUE,67,67,FALSE,NA,1537,1108
50,25,50_25,0.115680191,0.015254692,0.124963816,0.022634738,0.078385061,0.643081497,849000,4803000,TRUE,68,68,FALSE,NA,1538,1109
51,25,51_25,0.121611529,0.049874197,0.116121151,0.019385902,0.085111368,0.607895835,852000,4803000,TRUE,69,69,FALSE,NA,1539,1110
29,26,29_26,0.207094418,0.171052117,0.231704995,0.030507695,0.210811023,0.148829769,786000,4800000,TRUE,70,70,FALSE,NA,1579,1136
30,26,30_26,0.027330647,0.133010925,0.484575461,0.041956577,0.062027423,0.251098951,789000,4800000,TRUE,71,71,FALSE,NA,1580,1137
31,26,31_26,0.085127047,0.101876131,0.235700694,0.077436845,0.21972832,0.280130977,792000,4800000,TRUE,72,72,FALSE,NA,1581,1138
32,26,32_26,0.100790323,0.119742323,0.129428182,0.080869839,0.183744588,0.385424739,795000,4800000,TRUE,73,73,FALSE,NA,1582,1139
33,26,33_26,0.0806083,0.066689299,0.365316262,0.009142186,0.038388771,0.439855174,798000,4800000,TRUE,74,74,FALSE,NA,1583,1140
34,26,34_26,0.056907092,0.070439518,0.335009603,0.015407739,0.05814431,0.464091758,801000,4800000,TRUE,75,75,FALSE,NA,1584,1141
35,26,35_26,0.034487629,0.128237474,0.22104027,0.010190399,0.051754595,0.554289641,804000,4800000,TRUE,76,76,FALSE,NA,1585,1142
36,26,36_26,0.018312823,0.055240171,0.246672989,0.015574819,0.057113702,0.607085503,807000,4800000,TRUE,77,77,FALSE,NA,1586,1143
37,26,37_26,0.020524974,0.085419417,0.185216458,0.034894067,0.0830217,0.5909234,810000,4800000,TRUE,78,78,FALSE,NA,1587,1144
38,26,38_26,0.107862141,0.155495031,0.160469946,0.019554375,0.080401388,0.476217108,813000,4800000,TRUE,79,79,FALSE,NA,1588,1145
39,26,39_26,0.089323172,0.126607396,0.101797864,0.020028912,0.103309938,0.558932734,816000,4800000,TRUE,80,80,FALSE,NA,1589,1146
40,26,40_26,0.128129388,0.162780306,0.182186823,0.006995937,0.07587295,0.444034599,819000,4800000,TRUE,81,81,FALSE,NA,1590,1147
41,26,41_26,0.243441744,0.102583225,0.250385263,0.004905391,0.047904468,0.350779905,822000,4800000,TRUE,82,82,FALSE,NA,1591,1148
42,26,42_26,0.478898554,0.148814183,0.092009222,0.004422481,0.069382222,0.206473342,825000,4800000,TRUE,83,83,FALSE,NA,1592,1149
43,26,43_26,0.273644328,0.117341012,0.110340745,0.011088035,0.093241436,0.394344449,828000,4800000,TRUE,84,84,FALSE,NA,1593,1150
44,26,44_26,0.228014228,0.129257966,0.119042296,0.00944019,0.155426654,0.358818664,831000,4800000,TRUE,85,85,FALSE,NA,1594,1151
45,26,45_26,0.632495266,0.140789226,0.060184409,0.001339292,0.069390077,0.095801744,834000,4800000,TRUE,86,86,FALSE,NA,1595,1152
46,26,46_26,0.254075754,0.151218675,0.048696835,0.017869715,0.094841025,0.433298005,837000,4800000,TRUE,87,87,FALSE,NA,1596,1153
47,26,47_26,0.256571426,0.217395913,0.037220275,0.009504994,0.07012971,0.409177694,840000,4800000,TRUE,88,88,FALSE,NA,1597,1154
48,26,48_26,0.222880246,0.157416883,0.066317736,0.01005755,0.070720962,0.472606637,843000,4800000,TRUE,89,89,FALSE,NA,1598,1155
49,26,49_26,0.202834049,0.00826148,0.034734669,0.021113596,0.219417921,0.513638288,846000,4800000,TRUE,90,90,FALSE,NA,1599,1156
50,26,50_26,0.10675911,0.009313911,0.091074483,0.022574101,0.079739764,0.690538634,849000,4800000,TRUE,91,91,FALSE,NA,1600,1157
51,26,51_26,0.148292422,0.035099085,0.087241875,0.025533117,0.158244122,0.54558937,852000,4800000,TRUE,92,92,FALSE,NA,1601,1158
29,27,29_27,0.191249447,0.109630178,0.275560251,0.052760938,0.261277753,0.109521434,786000,4797000,TRUE,93,93,FALSE,NA,1641,1184
30,27,30_27,0.147932755,0.120040288,0.26065067,0.040676471,0.236300911,0.194398907,789000,4797000,TRUE,94,94,FALSE,NA,1642,1185
31,27,31_27,0.166674372,0.227739295,0.169364382,0.05006224,0.262506823,0.123652887,792000,4797000,TRUE,95,95,FALSE,NA,1643,1186
32,27,32_27,0.080654312,0.08234097,0.209130445,0.046609112,0.194674076,0.386591081,795000,4797000,TRUE,96,96,FALSE,NA,1644,1187
33,27,33_27,0.065574898,0.146662859,0.265654982,0.004583237,0.049335159,0.468188879,798000,4797000,TRUE,97,97,FALSE,NA,1645,1188
34,27,34_27,0.071216281,0.138055557,0.343115983,0.010189921,0.034282329,0.403139935,801000,4797000,TRUE,98,98,FALSE,NA,1646,1189
35,27,35_27,0.076803614,0.265552483,0.152970001,0.00574873,0.020523221,0.47840193,804000,4797000,TRUE,99,99,FALSE,NA,1647,1190
36,27,36_27,0.0834996,0.326205825,0.128183508,0.004686357,0.031689794,0.425734915,807000,4797000,TRUE,100,100,FALSE,NA,1648,1191
37,27,37_27,0.102909673,0.315598028,0.240751513,0.004937779,0.027659386,0.308143616,810000,4797000,TRUE,101,101,FALSE,NA,1649,1192
38,27,38_27,0.119259803,0.078408333,0.226923724,0.012254258,0.024973992,0.538179892,813000,4797000,TRUE,102,102,FALSE,NA,1650,1193
39,27,39_27,0.112403952,0.102243761,0.118993915,0.01399992,0.091526308,0.560832119,816000,4797000,TRUE,103,103,FALSE,NA,1651,1194
40,27,40_27,0.077609233,0.179797116,0.091166285,0.009444763,0.093996472,0.547986121,819000,4797000,TRUE,104,104,FALSE,NA,1652,1195
41,27,41_27,0.17098574,0.085899332,0.15750267,0.002453433,0.131613783,0.451545045,822000,4797000,TRUE,105,105,FALSE,NA,1653,1196
42,27,42_27,0.227556476,0.182232322,0.119573569,0.008014715,0.090758612,0.371864292,825000,4797000,TRUE,106,106,FALSE,NA,1654,1197
43,27,43_27,0.194316941,0.303798767,0.102938322,0.003581419,0.112172157,0.283192406,828000,4797000,TRUE,107,107,FALSE,NA,1655,1198
44,27,44_27,0.358117473,0.139422802,0.078365214,0.005364732,0.091497816,0.327231963,831000,4797000,TRUE,108,108,FALSE,NA,1656,1199
45,27,45_27,0.453438066,0.184105254,0.087046167,0.002297089,0.047387118,0.225726291,834000,4797000,TRUE,109,109,FALSE,NA,1657,1200
46,27,46_27,0.371869579,0.246910416,0.082582624,0.003773191,0.062616634,0.232247544,837000,4797000,TRUE,110,110,FALSE,NA,1658,1201
47,27,47_27,0.457921594,0.167036556,0.022331412,0.0083648,0.086711755,0.257633873,840000,4797000,TRUE,111,111,FALSE,NA,1659,1202
48,27,48_27,0.253251163,0.046155869,0.031230143,0.012590045,0.170985326,0.485787439,843000,4797000,TRUE,112,112,FALSE,NA,1660,1203
49,27,49_27,0.178932627,0.004868056,0.063735944,0.028813485,0.145771442,0.577878463,846000,4797000,TRUE,113,113,FALSE,NA,1661,1204
50,27,50_27,0.079569982,0.004976477,0.158593233,0.085712206,0.11701128,0.554136818,849000,4797000,TRUE,114,114,FALSE,NA,1662,1205
51,27,51_27,0.137439504,0.023455113,0.107567827,0.038560793,0.120844112,0.572132672,852000,4797000,TRUE,115,115,FALSE,NA,1663,1206
29,28,29_28,0.227713828,0.126317559,0.342830803,0.023623079,0.117186624,0.162328125,786000,4794000,TRUE,116,116,FALSE,NA,1703,1232
30,28,30_28,0.028242591,0.090372693,0.543815862,0.019042075,0.038892117,0.279634653,789000,4794000,TRUE,117,117,FALSE,NA,1704,1233
31,28,31_28,0.127185512,0.071439357,0.369511489,0.041221706,0.131251674,0.25939026,792000,4794000,TRUE,118,118,FALSE,NA,1705,1234
32,28,32_28,0.238998422,0.1452697,0.166289456,0.026148188,0.18147153,0.241822701,795000,4794000,TRUE,119,119,FALSE,NA,1706,1235
33,28,33_28,0.143446649,0.088126017,0.224511888,0.008210515,0.078498938,0.457205989,798000,4794000,TRUE,120,120,FALSE,NA,1707,1236
34,28,34_28,0.105959589,0.219704662,0.133666094,0.009121338,0.058217935,0.473330372,801000,4794000,TRUE,121,121,FALSE,NA,1708,1237
35,28,35_28,0.165274969,0.263588897,0.086414605,0.021892658,0.073069566,0.38975931,804000,4794000,TRUE,122,122,FALSE,NA,1709,1238
36,28,36_28,0.12300955,0.156002671,0.185628412,0.00989965,0.059446749,0.466012985,807000,4794000,TRUE,123,123,FALSE,NA,1710,1239
37,28,37_28,0.096787819,0.099062831,0.333834383,0.004005903,0.010040707,0.456268356,810000,4794000,TRUE,124,124,FALSE,NA,1711,1240
38,28,38_28,0.128333568,0.105843282,0.262618942,0.012833975,0.024235217,0.466135016,813000,4794000,TRUE,125,125,FALSE,NA,1712,1241
39,28,39_28,0.066454429,0.107939188,0.182562397,0.016225849,0.087576019,0.539242135,816000,4794000,TRUE,126,126,FALSE,NA,1713,1242
40,28,40_28,0.146854501,0.083869257,0.286872333,0.003524341,0.034967544,0.443912048,819000,4794000,TRUE,127,127,FALSE,NA,1714,1243
41,28,41_28,0.137709238,0.085707101,0.17733668,0.009459383,0.125959044,0.463828556,822000,4794000,TRUE,128,128,FALSE,NA,1715,1244
42,28,42_28,0.144969749,0.06588719,0.170667492,0.01203198,0.157927531,0.448516081,825000,4794000,TRUE,129,129,FALSE,NA,1716,1245
43,28,43_28,0.15975451,0.276695729,0.072713687,0.009268847,0.089719052999999993,0.391848177,828000,4794000,TRUE,130,130,FALSE,NA,1717,1246
44,28,44_28,0.331844282,0.172506854,0.087128737,0.006091287,0.059053682,0.343375149,831000,4794000,TRUE,131,131,FALSE,NA,1718,1247
45,28,45_28,0.512319785,0.190437405,0.089468856,9.23e-4,0.025003487,0.181847926,834000,4794000,TRUE,132,132,FALSE,NA,1719,1248
46,28,46_28,0.200129973,0.374113068,0.066540256,0.002280592,0.106068851,0.250867261,837000,4794000,TRUE,133,133,FALSE,NA,1720,1249
47,28,47_28,0.329820968,0.030038065,0.05500223,0.014934827,0.114625901,0.455577992,840000,4794000,TRUE,134,134,FALSE,NA,1721,1250
48,28,48_28,0.193786345,0.003133439,0.016920896,0.015985245,0.13781245,0.632361637,843000,4794000,TRUE,135,135,FALSE,NA,1722,1251
49,28,49_28,0.144172962,0.07068397,0.119699655,0.034486853,0.092090326,0.538866218,846000,4794000,TRUE,136,136,FALSE,NA,1723,1252
50,28,50_28,0.127716979,0.028598357,0.076287487,0.046784594,0.18035932,0.540253264,849000,4794000,TRUE,137,137,FALSE,NA,1724,1253
51,28,51_28,0.195722727,0.035134084,0.070840717,0.028618988,0.164901044,0.504782439,852000,4794000,TRUE,138,138,FALSE,NA,1725,1254
29,29,29_29,0.124004452,0.067151079,0.439126939,0.031100036,0.121728306,0.216889199,786000,4791000,TRUE,139,139,FALSE,NA,1765,1280
30,29,30_29,0.059529816,0.064519118,0.548102228,0.007647088,0.04861574,0.271586011,789000,4791000,TRUE,140,140,FALSE,NA,1766,1281
31,29,31_29,0.148125169,0.209241131,0.22932734,0.029428889,0.152766706,0.231110763,792000,4791000,TRUE,141,141,FALSE,NA,1767,1282
32,29,32_29,0.09321334,0.077015504,0.36885571,0.004941342,0.075536431,0.380437683,795000,4791000,TRUE,142,142,FALSE,NA,1768,1283
33,29,33_29,0.058582915,0.062291702,0.42377401,0.01557468,0.035954982,0.403821715,798000,4791000,TRUE,143,143,FALSE,NA,1769,1284
34,29,34_29,0.092482231,0.249418153,0.218767784,0.003840356,0.031198086,0.404293384,801000,4791000,TRUE,144,144,FALSE,NA,1770,1285
35,29,35_29,0.056097795,0.186737592,0.140929164,0.037281832,0.060688974,0.51826463,804000,4791000,TRUE,145,145,FALSE,NA,1771,1286
36,29,36_29,0.029809997,0.086732567,0.093544699,0.033027406,0.184090642,0.572794697,807000,4791000,TRUE,146,146,FALSE,NA,1772,1287
37,29,37_29,0.147919067,0.089811215,0.367599585,0.00533522,0.011124316,0.378210587,810000,4791000,TRUE,147,147,FALSE,NA,1773,1288
38,29,38_29,0.175818628,0.10615044,0.27114912,0.003751433,0.028877811,0.414252579,813000,4791000,TRUE,148,148,FALSE,NA,1774,1289
39,29,39_29,0.040851916,0.076988792,0.184295247,0.025833263,0.039781526,0.632249252,816000,4791000,TRUE,149,149,FALSE,NA,1775,1290
40,29,40_29,0.073831122,0.233326608,0.142406276,0.011544857,0.058343064,0.480548078,819000,4791000,TRUE,150,150,FALSE,NA,1776,1291
41,29,41_29,0.137001814,0.105003716,0.31815819,0.002860343,0.036673563,0.400302374,822000,4791000,TRUE,151,151,FALSE,NA,1777,1292
42,29,42_29,0.171765642,0.150868802,0.136125585,0.003023695,0.083579503,0.454636766,825000,4791000,TRUE,152,152,FALSE,NA,1778,1293
43,29,43_29,0.184110922,0.26059404,0.1138206,0.010924722,0.07915248,0.351397225,828000,4791000,TRUE,153,153,FALSE,NA,1779,1294
44,29,44_29,0.340805782,0.160833543,0.139156199,0.008069654,0.074275535,0.276859289,831000,4791000,TRUE,154,154,FALSE,NA,1780,1295
45,29,45_29,0.575597088,0.16377494,0.059528199,4.41e-4,0.034430644,0.166228301,834000,4791000,TRUE,155,155,FALSE,NA,1781,1296
46,29,46_29,0.203952084,0.366183603,0.081404663,0.002168595,0.077495486,0.268795575,837000,4791000,TRUE,156,156,FALSE,NA,1782,1297
47,29,47_29,0.32557229,0.009761446,0.079513882,0.013779145,0.104563553,0.466809699,840000,4791000,TRUE,157,157,FALSE,NA,1783,1298
48,29,48_29,0.20732072000000001,0.040698899,0.088786763,0.019452712,0.111818921,0.531921989,843000,4791000,TRUE,158,158,FALSE,NA,1784,1299
49,29,49_29,0.199053445,0.204251901,0.116589335,0.015682456,0.089508956,0.374913932,846000,4791000,TRUE,159,159,FALSE,NA,1785,1300
50,29,50_29,0.128098291,0.032448335,0.213756928,0.025916321,0.08207383,0.517706299,849000,4791000,TRUE,160,160,FALSE,NA,1786,1301
51,29,51_29,0.231199913,0.037263626,0.13342117,0.025479874,0.063317912,0.509317529,852000,4791000,TRUE,161,161,FALSE,NA,1787,1302
29,30,29_30,0.123517209,0.115185149,0.509811512,0.015968471,0.046068019,0.189449649,786000,4788000,TRUE,162,162,FALSE,NA,1827,1328
30,30,30_30,0.038639738,0.02431332,0.343050021,0.080718382,0.216600009,0.296678534,789000,4788000,TRUE,163,163,FALSE,NA,1828,1329
31,30,31_30,0.159301158,0.149714418,0.165474022,0.037211949,0.375456004,0.112842436,792000,4788000,TRUE,164,164,FALSE,NA,1829,1330
32,30,32_30,0.110178425,0.132985172,0.258423719,0.014749509,0.063864654,0.419798516,795000,4788000,TRUE,165,165,FALSE,NA,1830,1331
33,30,33_30,0.028185831,0.025218122,0.403557049,0.016331298,0.044856533,0.481851164,798000,4788000,TRUE,166,166,FALSE,NA,1831,1332
34,30,34_30,0.070584709,0.10487347,0.221915645,0.024617391,0.050379519,0.52762927,801000,4788000,TRUE,167,167,FALSE,NA,1832,1333
35,30,35_30,0.101327757,0.079270374,0.117347241,0.015051062,0.088594101,0.598409464,804000,4788000,TRUE,168,168,FALSE,NA,1833,1334
36,30,36_30,0.085656921,0.0538118,0.242283505,0.018646893,0.067168491,0.532432374,807000,4788000,TRUE,169,169,TRUE,Saddleback Mountain,1834,1335
37,30,37_30,0.068512069,0.119902513,0.180389576,0.01393817,0.047377003,0.569880673,810000,4788000,TRUE,170,170,FALSE,NA,1835,1336
38,30,38_30,0.093183827,0.129919219,0.084785788,0.031381422,0.128028841,0.532700913,813000,4788000,TRUE,171,171,FALSE,NA,1836,1337
39,30,39_30,0.128163316,0.083168074,0.186234885,0.009861423,0.03273149,0.559840813,816000,4788000,TRUE,172,172,FALSE,NA,1837,1338
40,30,40_30,0.120211812,0.148736679,0.098086682,0.020620851,0.052523795,0.559820192,819000,4788000,TRUE,173,173,FALSE,NA,1838,1339
41,30,41_30,0.169266915,0.086841987,0.254577418,0.001396538,0.04630086,0.441616268,822000,4788000,TRUE,174,174,FALSE,NA,1839,1340
42,30,42_30,0.173381499,0.157675499,0.104514437,0.017212688,0.138906027,0.408309855,825000,4788000,TRUE,175,175,FALSE,NA,1840,1341
43,30,43_30,0.20666894,0.155856744,0.106500149,0.014996806,0.105842399,0.410134985,828000,4788000,TRUE,176,176,TRUE,Kingman Farm,1841,1342
44,30,44_30,0.265021012,0.173283917,0.109617474,0.018392619,0.112122784,0.321562179,831000,4788000,TRUE,177,177,TRUE,Kingman Farm,1842,1343
45,30,45_30,0.433702375,0.167403311,0.108719922,0.002667311,0.028633121,0.258873965,834000,4788000,TRUE,178,178,FALSE,NA,1843,1344
46,30,46_30,0.270571276,0.355564703,0.085883097,4.7e-4,0.070764871,0.216746168,837000,4788000,TRUE,179,179,FALSE,NA,1844,1345
47,30,47_30,0.312739681,0.180012513,0.054379614,0.008079104,0.044849169,0.399939926,840000,4788000,TRUE,180,180,FALSE,NA,1845,1346
48,30,48_30,0.255472866,0.134177149,0.084946314,0.018451583,0.085859615,0.421092455,843000,4788000,TRUE,181,181,FALSE,NA,1846,1347
49,30,49_30,0.233831621,0.234376973,0.008071092,0.017568543,0.168159943,0.337991835,846000,4788000,TRUE,182,182,FALSE,NA,1847,1348
50,30,50_30,0.328488683,0.305044005,0.052811953,0.014144355,0.081636244,0.217874739,849000,4788000,TRUE,183,183,FALSE,NA,1848,1349
51,30,51_30,0.390444112,0.222681215,0.075581798,0.021052931,0.051322566,0.238917378,852000,4788000,TRUE,184,184,FALSE,NA,1849,1350
29,31,29_31,0.333970386,0.28868607,0.100135472,0.02995132,0.104608388,0.142648353,786000,4785000,TRUE,185,185,FALSE,NA,1889,1377
30,31,30_31,0.186955849,0.295716981,0.1456363,0.028726947,0.232425691,0.110538206,789000,4785000,TRUE,186,186,FALSE,NA,1890,1378
31,31,31_31,0.073804945,0.04420524,0.403943873,0.035098254,0.214953099,0.227994579,792000,4785000,TRUE,187,187,FALSE,NA,1891,1379
32,31,32_31,0.110777403,0.042139069,0.125839674,0.050508149,0.420058554,0.250677136,795000,4785000,TRUE,188,188,FALSE,NA,1892,1380
33,31,33_31,0.079790959,0.055568762,0.16977055,0.014708903,0.158065114,0.522095724,798000,4785000,TRUE,189,189,FALSE,NA,1893,1381
34,31,34_31,0.079683291,0.05421527,0.265642674,0.008787042,0.008689393,0.582982328,801000,4785000,TRUE,190,190,FALSE,NA,1894,1382
35,31,35_31,0.140680094,0.111303378,0.141794876,0.021182186,0.073132897,0.511906548,804000,4785000,TRUE,191,191,FALSE,NA,1895,1383
36,31,36_31,0.096217783,0.107787388,0.179530523,0.016151611,0.058028448,0.542284261,807000,4785000,TRUE,192,192,FALSE,NA,1896,1384
37,31,37_31,0.080969131,0.128190873,0.115518094,0.021447964,0.090182715,0.563691238,810000,4785000,TRUE,193,193,FALSE,NA,1897,1385
38,31,38_31,0.042647658,0.094910929,0.106653766,0.022306494,0.161158982,0.572322156,813000,4785000,TRUE,194,194,FALSE,NA,1898,1386
39,31,39_31,0.071591511,0.05583003,0.098463712,0.047169652,0.169569479,0.557375635,816000,4785000,TRUE,195,195,FALSE,NA,1899,1387
40,31,40_31,0.097849935,0.074303056,0.102842394,0.026528453,0.076677317,0.621798821,819000,4785000,TRUE,196,196,FALSE,NA,1900,1388
41,31,41_31,0.162617775,0.146189309,0.14691043,0.003923133,0.081189389,0.459169958,822000,4785000,TRUE,197,197,FALSE,NA,1901,1389
42,31,42_31,0.192685594,0.166231058,0.150780528,0.006673888,0.059425763,0.424203182,825000,4785000,TRUE,198,198,FALSE,NA,1902,1390
43,31,43_31,0.239402204,0.181173413,0.087012212,0.006649765,0.102098185,0.38366421,828000,4785000,TRUE,199,199,TRUE,College Woods,1903,1391
44,31,44_31,0.311398533,0.169485725,0.087839741,0.00230681,0.085063246,0.343905948,831000,4785000,TRUE,200,200,TRUE,College Woods,1904,1392
45,31,45_31,0.19158518,0.44295272,0.086292143,8.1e-4,0.036035822,0.242323639,834000,4785000,TRUE,201,201,FALSE,NA,1905,1393
46,31,46_31,0.217020836,0.679283601,0.015255157,4.52e-4,0.016761411,0.071227367,837000,4785000,TRUE,202,202,FALSE,NA,1906,1394
47,31,47_31,0.293109492,0.168796137,0.011957586,0.01553484,0.103759251,0.40684268,840000,4785000,TRUE,203,203,FALSE,NA,1907,1395
48,31,48_31,0.357977723,0.092739596999999993,0.026012325,0.017988124,0.088504457,0.416777776,843000,4785000,TRUE,204,204,FALSE,NA,1908,1396
49,31,49_31,0.333736967,0.133686176,0.057441908,0.014428508,0.059099476,0.401606979,846000,4785000,TRUE,205,205,FALSE,NA,1909,1397
50,31,50_31,0.215545943,0.039851815,0.132447754,0.033810298,0.078301744,0.500042467,849000,4785000,TRUE,206,206,FALSE,NA,1910,1398
51,31,51_31,0,0,0,0,0,0,NA,NA,FALSE,207,NA,FALSE,NA,1911,NA
29,32,29_32,0.414664581,0.288225008,0.190667257,0.007865074,0.026090673,0.072487417,786000,4782000,TRUE,208,207,FALSE,NA,1951,1424
30,32,30_32,0.292102843,0.076223267,0.354325809,0.027880567,0.0692921,0.180175395,789000,4782000,TRUE,209,208,FALSE,NA,1952,1425
31,32,31_32,0.001339412,0.038373565,0.63327788,0.026466949,0.077480705,0.223061487,792000,4782000,TRUE,210,209,FALSE,NA,1953,1426
32,32,32_32,0.002456302,0.078798785,0.303961794,0.030547257,0.245968702,0.33826715,795000,4782000,TRUE,211,210,FALSE,NA,1954,1427
33,32,33_32,0.067443756,0.098374099,0.148576193,0.008707639,0.174709205,0.502189103,798000,4782000,TRUE,212,211,FALSE,NA,1955,1428
34,32,34_32,0.113137035,0.066615225,0.297789434,0.006990145,0.029066035,0.486402114,801000,4782000,TRUE,213,212,FALSE,NA,1956,1429
35,32,35_32,0.11731962,0.078642072,0.050641134,0.058022755,0.149347994,0.546026403,804000,4782000,TRUE,214,213,FALSE,NA,1957,1430
36,32,36_32,0.046646992,0.073312373,0.205805602,0.02494056,0.113810615,0.535483838,807000,4782000,TRUE,215,214,FALSE,NA,1958,1431
37,32,37_32,0.021114831,0.078455502,0.236968041,0.034919358,0.072771538,0.555770717,810000,4782000,TRUE,216,215,FALSE,NA,1959,1432
38,32,38_32,0.029074322,0.179810623,0.113392785,0.030310123,0.099138272,0.548273877,813000,4782000,TRUE,217,216,FALSE,NA,1960,1433
39,32,39_32,0.143934897,0.057948942,0.246148378,0.011864969,0.069220172,0.470882646,816000,4782000,TRUE,218,217,FALSE,NA,1961,1434
40,32,40_32,0.188580616,0.103322551,0.146764444,0.014757291,0.087193204,0.459381902,819000,4782000,TRUE,219,218,FALSE,NA,1962,1435
41,32,41_32,0.191197367,0.155315805,0.070796882,0.009584151,0.122171568,0.450934232,822000,4782000,TRUE,220,219,FALSE,NA,1963,1436
42,32,42_32,0.141445394,0.192591443,0.097479585,0.012486325,0.114234529,0.441762721,825000,4782000,TRUE,221,220,TRUE,Dudley Lot,1964,1437
43,32,43_32,0.123653354,0.190620491,0.144175855,0.00804175,0.11116149,0.422347064,828000,4782000,TRUE,222,221,TRUE,College Woods,1965,1438
44,32,44_32,0.11967904,0.205834969,0.105336777,0.005158973,0.078206283,0.485783939,831000,4782000,TRUE,223,222,TRUE,East Foss Farm,1966,1439
45,32,45_32,0.079058591,0.391368442,0.072510473,0.00843313,0.090963646,0.357665718,834000,4782000,TRUE,224,223,FALSE,NA,1967,1440
46,32,46_32,0.245491655,0.351062563,0.083396697,0.003391744,0.087321839,0.229335515,837000,4782000,TRUE,225,224,FALSE,NA,1968,1441
47,32,47_32,0.54298827,0.236016182,0.037725126,8.96e-4,0.024948964,0.157425103,840000,4782000,TRUE,226,225,FALSE,NA,1969,1442
48,32,48_32,0.593573438,0.19016961,0.008672767,0.007830346,0.048341206,0.151412646,843000,4782000,TRUE,227,226,FALSE,NA,1970,1443
49,32,49_32,0.478204112,0.267958093,0.011417881,0.01095791,0.06551627,0.165945713,846000,4782000,TRUE,228,227,FALSE,NA,1971,1444
50,32,50_32,0.219296421,0.055379913,0.055212990000000003,0.032508249,0.126957649,0.510644765,849000,4782000,TRUE,229,228,FALSE,NA,1972,1445
51,32,51_32,0,0,0,0,0,0,NA,NA,FALSE,230,NA,FALSE,NA,1973,NA
29,33,29_33,0.392962493,0.188544785,0.235403572,0.020263849,0.05269995,0.11012533,786000,4779000,TRUE,231,229,FALSE,NA,2013,1471
30,33,30_33,0.076156232,0.130376487,0.595951399,0.01510394,0.03721233,0.14519962,789000,4779000,TRUE,232,230,FALSE,NA,2014,1472
31,33,31_33,0.003118271,0.085884117,0.626344327,0.020409487,0.048156178,0.216087627,792000,4779000,TRUE,233,231,FALSE,NA,2015,1473
32,33,32_33,0.042313014,0.093309312,0.425580887,0.026129994,0.041399684,0.371267116,795000,4779000,TRUE,234,232,FALSE,NA,2016,1474
33,33,33_33,0.094709745,0.063192832,0.238619248,0.008289899,0.02521821,0.569970064,798000,4779000,TRUE,235,233,FALSE,NA,2017,1475
34,33,34_33,0.142169167,0.112097936,0.20569156,0.022141651,0.033736173,0.484163526,801000,4779000,TRUE,236,234,FALSE,NA,2018,1476
35,33,35_33,0.178615314,0.171732861,0.101538913,0.032341302,0.065929642,0.449841974,804000,4779000,TRUE,237,235,FALSE,NA,2019,1477
36,33,36_33,0.066547662,0.061226158,0.154758949,0.056845857,0.082942181,0.577679187,807000,4779000,TRUE,238,236,FALSE,NA,2020,1478
37,33,37_33,0.009132463,0.205057401,0.125065021,0.102991139,0.088640038,0.469113949,810000,4779000,TRUE,239,237,FALSE,NA,2021,1479
38,33,38_33,0.029636752,0.236528652,0.201071565,0.019506937,0.055130298,0.458125801,813000,4779000,TRUE,240,238,FALSE,NA,2022,1480
39,33,39_33,0.056913325,0.132125495,0.26899596,0.026536208,0.032767964,0.482661051,816000,4779000,TRUE,241,239,FALSE,NA,2023,1481
40,33,40_33,0.095468014,0.136939237,0.109716443,0.045210737,0.124080962,0.488584619,819000,4779000,TRUE,242,240,FALSE,NA,2024,1482
41,33,41_33,0.205830624,0.167202001,0.079301461,0.018461324,0.104880998,0.424323579,822000,4779000,TRUE,243,241,FALSE,NA,2025,1483
42,33,42_33,0.182988698,0.176074206,0.11370233,0.005287506,0.064644297,0.457302967,825000,4779000,TRUE,244,242,TRUE,Dudley Lot,2026,1484
43,33,43_33,0.36523612,0.121317994,0.125579245,0.006503505,0.077030403,0.304332761,828000,4779000,TRUE,245,243,TRUE,Davis Park,2027,1485
44,33,44_33,0.155445791,0.359921102,0.098828055,0.001609549,0.046793855,0.337401653,831000,4779000,TRUE,246,244,TRUE,Thompson Farm,2028,1486
45,33,45_33,0.022638,0.885383484,0.005716324,0.00117993,0.019171186,0.065911072,834000,4779000,TRUE,247,245,FALSE,NA,2029,1487
46,33,46_33,0.18405145,0.478201697,0.106725227,4.6e-4,0.021477626,0.209083727,837000,4779000,TRUE,248,246,FALSE,NA,2030,1488
47,33,47_33,0.656311562,0.157156462,0.03855366,0.001635959,0.014447043,0.131895309,840000,4779000,TRUE,249,247,FALSE,NA,2031,1489
48,33,48_33,0.747683473,0.158189618,0.022160995,0.001297556,0.009717369,0.060950981,843000,4779000,TRUE,250,248,FALSE,NA,2032,1490
49,33,49_33,0.247760196,0.577547824,0.020854744,4.36e-4,0.040266874,0.113134113,846000,4779000,TRUE,251,249,FALSE,NA,2033,1491
50,33,50_33,0,0,0,0,0,0,NA,NA,FALSE,252,NA,FALSE,NA,2034,NA
51,33,51_33,0,0,0,0,0,0,NA,NA,FALSE,253,NA,FALSE,NA,2035,NA
29,34,29_34,0.35644173,0.188045991,0.222379701,0.023119007,0.085675693,0.124337879,786000,4776000,TRUE,254,250,FALSE,NA,2075,1517
30,34,30_34,0.296121546,0.124474876,0.517911162,0.004545169,0.008598615,0.048348637,789000,4776000,TRUE,255,251,FALSE,NA,2076,1518
31,34,31_34,0.072830507,0.154128624,0.374436567,0.048974649,0.093369374,0.25626027,792000,4776000,TRUE,256,252,FALSE,NA,2077,1519
32,34,32_34,0.130027183,0.062551961,0.196972619,0.028380453,0.119499407,0.462568357,795000,4776000,TRUE,257,253,FALSE,NA,2078,1520
33,34,33_34,0.13852617,0.080165535,0.27302869,0.014296093,0.033410511,0.460572994,798000,4776000,TRUE,258,254,FALSE,NA,2079,1521
34,34,34_34,0.211065267,0.070660327,0.252023701,0.008932403,0.02887196,0.428446332,801000,4776000,TRUE,259,255,FALSE,NA,2080,1522
35,34,35_34,0.218432142,0.07562302,0.112291473,0.024530334,0.033788965,0.535334067,804000,4776000,TRUE,260,256,FALSE,NA,2081,1523
36,34,36_34,0.167214811,0.104665838,0.142374278,0.02382187,0.091176652,0.47074657600000003,807000,4776000,TRUE,261,257,FALSE,NA,2082,1524
37,34,37_34,0.172706019,0.117619632,0.179807066,0.015937739,0.049334709,0.464594839,810000,4776000,TRUE,262,258,FALSE,NA,2083,1525
38,34,38_34,0.157262833,0.101672351,0.24403717,0.007011053,0.040685812,0.449330776,813000,4776000,TRUE,263,259,FALSE,NA,2084,1526
39,34,39_34,0.13567068,0.146013627,0.133844173,0.049829287,0.093883169,0.440759072,816000,4776000,TRUE,264,260,FALSE,NA,2085,1527
40,34,40_34,0.287994001,0.165092201,0.108538436,0.020342005,0.050747601,0.367285751,819000,4776000,TRUE,265,261,FALSE,NA,2086,1528
41,34,41_34,0.172143954,0.114261767,0.132142136,0.009310121,0.105623817,0.466518224,822000,4776000,TRUE,266,262,FALSE,NA,2087,1529
42,34,42_34,0.169604768,0.124413767,0.117727584,0.029125171,0.112458545,0.446670171,825000,4776000,TRUE,267,263,FALSE,NA,2088,1530
43,34,43_34,0.208999127,0.06924405,0.124082785,0.014948712,0.084691737,0.498033566,828000,4776000,TRUE,268,264,FALSE,NA,2089,1531
44,34,44_34,0.217403611,0.406609077,0.079479531,4.38e-4,0.041928182,0.254142026,831000,4776000,TRUE,269,265,FALSE,NA,2090,1532
45,34,45_34,0.271474016,0.32805427,0.116512108,4.44e-4,0.014715946,0.268799661,834000,4776000,TRUE,270,266,FALSE,NA,2091,1533
46,34,46_34,0.298834547,0.496661874,0.090968505,4.33e-4,0.01372422,0.099377595,837000,4776000,TRUE,271,267,FALSE,NA,2092,1534
47,34,47_34,0.35627435,0.308470708,0.071720161,4.4e-4,0.010842207,0.252252738,840000,4776000,TRUE,272,268,FALSE,NA,2093,1535
48,34,48_34,0.409350052,0.184679788,0.071606228,0.001488202,0.046385109,0.286490631,843000,4776000,TRUE,273,269,FALSE,NA,2094,1536
49,34,49_34,0,0,0,0,0,0,NA,NA,FALSE,274,NA,FALSE,NA,2095,NA
50,34,50_34,0,0,0,0,0,0,NA,NA,FALSE,275,NA,FALSE,NA,2096,NA
51,34,51_34,0,0,0,0,0,0,NA,NA,FALSE,276,NA,FALSE,NA,2097,NA
29,35,29_35,0.479192491,0.144871512,0.22524372,0.017469096,0.060774736,0.072448408,786000,4773000,TRUE,277,270,FALSE,NA,2137,1562
30,35,30_35,0.41591606,0.043198646,0.354456027,0.018352904,0.067321564,0.100754796,789000,4773000,TRUE,278,271,FALSE,NA,2138,1563
31,35,31_35,0.145962833,0.067532468,0.534018896,0.001862695,0.035612617,0.215010502,792000,4773000,TRUE,279,272,FALSE,NA,2139,1564
32,35,32_35,0.100958459,0.134228724,0.473758359,0.008960573,0.048329731,0.233764169,795000,4773000,TRUE,280,273,FALSE,NA,2140,1565
33,35,33_35,0.281591372,0.075951436,0.283965325,0.022008151,0.042935751,0.293547961,798000,4773000,TRUE,281,274,FALSE,NA,2141,1566
34,35,34_35,0.185659661,0.066969106,0.21637416,0.021043487,0.031511649,0.478441946,801000,4773000,TRUE,282,275,FALSE,NA,2142,1567
35,35,35_35,0.189515249,0.070824641,0.261309425,0.023962302,0.030311303,0.42407707,804000,4773000,TRUE,283,276,FALSE,NA,2143,1568
36,35,36_35,0.24471319,0.214541434,0.208009261,0.009804825,0.052675837,0.270255454,807000,4773000,TRUE,284,277,FALSE,NA,2144,1569
37,35,37_35,0.384537882,0.171045058,0.0931683,0.013749421,0.038938494,0.298560847,810000,4773000,TRUE,285,278,FALSE,NA,2145,1570
38,35,38_35,0.298689729,0.164858972,0.127244119,0.005137904,0.067850036,0.336219249,813000,4773000,TRUE,286,279,FALSE,NA,2146,1571
39,35,39_35,0.236054825,0.101200332,0.134330403,0.00748936,0.090216072,0.430709008,816000,4773000,TRUE,287,280,FALSE,NA,2147,1572
40,35,40_35,0.281190522,0.150404508,0.061656733,0.014383511,0.069632893,0.422731836,819000,4773000,TRUE,288,281,FALSE,NA,2148,1573
41,35,41_35,0.181475087,0.136251032,0.079383128,0.005868263,0.065646223,0.53137627,822000,4773000,TRUE,289,282,FALSE,NA,2149,1574
42,35,42_35,0.101580293,0.088404211,0.067357504,0.014459694,0.10170938,0.626488935,825000,4773000,TRUE,290,283,FALSE,NA,2150,1575
43,35,43_35,0.153757479,0.112269826,0.249131551,0.00304285,0.036009204,0.445789095,828000,4773000,TRUE,291,284,FALSE,NA,2151,1576
44,35,44_35,0.233681379,0.291971272,0.142447143,0.00350993,0.031990835,0.296399413,831000,4773000,TRUE,292,285,FALSE,NA,2152,1577
45,35,45_35,0.236109704,0.187126381,0.182955834,4.76e-4,0.044017034,0.349315336,834000,4773000,TRUE,293,286,FALSE,NA,2153,1578
46,35,46_35,0.270577436,0.171749292,0.102352799,0.006646225,0.122542206,0.326132032,837000,4773000,TRUE,294,287,FALSE,NA,2154,1579
47,35,47_35,0.252312227,0.109750596,0.089788266,0.004354756,0.046586436,0.497207711,840000,4773000,TRUE,295,288,FALSE,NA,2155,1580
48,35,48_35,0.23219646,0.128540521,0.056623378,0.003603012,0.080961804,0.49807484,843000,4773000,TRUE,296,289,FALSE,NA,2156,1581
49,35,49_35,0,0,0,0,0,0,NA,NA,FALSE,297,NA,FALSE,NA,2157,NA
50,35,50_35,0,0,0,0,0,0,NA,NA,FALSE,298,NA,FALSE,NA,2158,NA
51,35,51_35,0,0,0,0,0,0,NA,NA,FALSE,299,NA,FALSE,NA,2159,NA
29,36,29_36,0.666491511,0.175392133,0.06649447,0.005468846,0.051949749,0.034203284,786000,4770000,TRUE,300,290,FALSE,NA,2199,1608
30,36,30_36,0.636510966,0.073860011,0.226805778,0.004743915,0.02631647,0.031762864,789000,4770000,TRUE,301,291,FALSE,NA,2200,1609
31,36,31_36,0.272206371,0.174771136,0.446350894,0.002167759,0.046694418,0.057809426,792000,4770000,TRUE,302,292,FALSE,NA,2201,1610
32,36,32_36,0.19438599,0.34759143,0.132570048,0.004050465,0.151896175,0.169505877,795000,4770000,TRUE,303,293,FALSE,NA,2202,1611
33,36,33_36,0.171568498,0.102233433,0.107042965,0.021565947,0.255927076,0.341662085,798000,4770000,TRUE,304,294,FALSE,NA,2203,1612
34,36,34_36,0.153636372,0.082746156,0.25682341,0.012101331,0.043547718,0.451144995,801000,4770000,TRUE,305,295,FALSE,NA,2204,1613
35,36,35_36,0.20340166,0.079159581,0.277464754,0.004292038,0.022729636,0.412952343,804000,4770000,TRUE,306,296,FALSE,NA,2205,1614
36,36,36_36,0.140282328,0.080835113,0.230362747,0.020939015,0.04957788,0.478002904,807000,4770000,TRUE,307,297,FALSE,NA,2206,1615
37,36,37_36,0.318276311,0.119533273,0.094025352,0.015448966,0.04905856,0.403657526,810000,4770000,TRUE,308,298,FALSE,NA,2207,1616
38,36,38_36,0.126445744,0.105951698,0.153400855,0.018835284,0.05429239,0.541074028,813000,4770000,TRUE,309,299,FALSE,NA,2208,1617
39,36,39_36,0.117951591,0.155068246,0.102119328,0.016282831,0.036373172,0.572204836,816000,4770000,TRUE,310,300,FALSE,NA,2209,1618
40,36,40_36,0.205948921,0.181609369,0.126811636,0.023813531,0.034090015,0.427726533,819000,4770000,TRUE,311,301,FALSE,NA,2210,1619
41,36,41_36,0.200167761,0.278915897,0.093615333,0.014806953,0.043221813,0.369272238,822000,4770000,TRUE,312,302,FALSE,NA,2211,1620
42,36,42_36,0.165777871,0.112667793,0.13903755,0.008992326,0.061289104,0.512235358,825000,4770000,TRUE,313,303,FALSE,NA,2212,1621
43,36,43_36,0.274501548,0.160526681,0.18739821,0.004339468,0.016621632,0.356612461,828000,4770000,TRUE,314,304,FALSE,NA,2213,1622
44,36,44_36,0.303662011,0.268919183,0.066891426,0.010459287,0.054238126,0.295829978,831000,4770000,TRUE,315,305,FALSE,NA,2214,1623
45,36,45_36,0.206649014,0.198627869,0.090259808,0.004408115,0.075125872,0.424929329,834000,4770000,TRUE,316,306,FALSE,NA,2215,1624
46,36,46_36,0.337395416,0.152036101,0.05783706,0.006877406,0.130444324,0.315409686,837000,4770000,TRUE,317,307,FALSE,NA,2216,1625
47,36,47_36,0.257965499,0.108988651,0.079237559,0.018084578,0.115840898,0.419882828,840000,4770000,TRUE,318,308,FALSE,NA,2217,1626
48,36,48_36,0,0,0,0,0,0,NA,NA,FALSE,319,NA,FALSE,NA,2218,NA
49,36,49_36,0,0,0,0,0,0,NA,NA,FALSE,320,NA,FALSE,NA,2219,NA
50,36,50_36,0,0,0,0,0,0,NA,NA,FALSE,321,NA,FALSE,NA,2220,NA
51,36,51_36,0,0,0,0,0,0,NA,NA,FALSE,322,NA,FALSE,NA,2221,NA
29,37,29_37,0.859968233,0.078266693,0.038645866,0.00224021,0.001847095,0.019031904,786000,4767000,TRUE,323,309,FALSE,NA,2261,1652
30,37,30_37,0.928640972,0.034756774,0.018789586,7.16e-4,0.002694847,0.01440194,789000,4767000,TRUE,324,310,FALSE,NA,2262,1653
31,37,31_37,0.427806205,0.30939056,0.102157569,0.00133551,0.086487566,0.072822588,792000,4767000,TRUE,325,311,FALSE,NA,2263,1654
32,37,32_37,0.0517261,0.44948694,0.182374037,0.007968647,0.05774703,0.250697258,795000,4767000,TRUE,326,312,FALSE,NA,2264,1655
33,37,33_37,0.195483192,0.115009218,0.249177076,0.008102256,0.045930462,0.386297784,798000,4767000,TRUE,327,313,FALSE,NA,2265,1656
34,37,34_37,0.128322374,0.068259669,0.188877856,0.023919513,0.138640982,0.4519796,801000,4767000,TRUE,328,314,FALSE,NA,2266,1657
35,37,35_37,0.057488207,0.082110454,0.246760125,0.032278322,0.017462709,0.563900186,804000,4767000,TRUE,329,315,FALSE,NA,2267,1658
36,37,36_37,0.258911701,0.147481797,0.106548579,0.021753215,0.067929018,0.397375716,807000,4767000,TRUE,330,316,FALSE,NA,2268,1659
37,37,37_37,0.202752849,0.092831538,0.057449005,0.017073512,0.10315968,0.526733419,810000,4767000,TRUE,331,317,FALSE,NA,2269,1660
38,37,38_37,0.229834132,0.163457626,0.095929631,0.022750123,0.050812972,0.437215514,813000,4767000,TRUE,332,318,FALSE,NA,2270,1661
39,37,39_37,0.239984344,0.138287474,0.167084406,0.004090614,0.03286552,0.417687644,816000,4767000,TRUE,333,319,FALSE,NA,2271,1662
40,37,40_37,0.269802292,0.106075339,0.118347197,0.013606672,0.048163054,0.444005417,819000,4767000,TRUE,334,320,FALSE,NA,2272,1663
41,37,41_37,0.126868964,0.127601904,0.126464067,0.014148986,0.081667926,0.52324816,822000,4767000,TRUE,335,321,FALSE,NA,2273,1664
42,37,42_37,0.170642945,0.172200956,0.144689938,0.006534627,0.067334746,0.438596807,825000,4767000,TRUE,336,322,FALSE,NA,2274,1665
43,37,43_37,0.442980873,0.133427062,0.095411622,0.003610639,0.056135951,0.268433874,828000,4767000,TRUE,337,323,FALSE,NA,2275,1666
44,37,44_37,0.235261313,0.133817319,0.069012902,0.009708863,0.099583005,0.452616609,831000,4767000,TRUE,338,324,FALSE,NA,2276,1667
45,37,45_37,0.189842899,0.076786518,0.109257046,0.013569858,0.07068078,0.539862899,834000,4767000,TRUE,339,325,FALSE,NA,2277,1668
46,37,46_37,0.373120504,0.194009615,0.087915026,5.15e-4,0.024284342,0.32015567,837000,4767000,TRUE,340,326,FALSE,NA,2278,1669
47,37,47_37,0.165875125,0.088066542,0.127260522,0.013782625,0.052217425,0.552797739,840000,4767000,TRUE,341,327,FALSE,NA,2279,1670
48,37,48_37,0,0,0,0,0,0,NA,NA,FALSE,342,NA,FALSE,NA,2280,NA
49,37,49_37,0,0,0,0,0,0,NA,NA,FALSE,343,NA,FALSE,NA,2281,NA
50,37,50_37,0,0,0,0,0,0,NA,NA,FALSE,344,NA,FALSE,NA,2282,NA
51,37,51_37,0,0,0,0,0,0,NA,NA,FALSE,345,NA,FALSE,NA,2283,NA
29,38,29_38,0.741038719,0.119829463,0.045221363,0.003939789,0.043042531,0.04692813,786000,4764000,TRUE,346,328,FALSE,NA,2323,1697
30,38,30_38,0.788263253,0.08280644,0.069873185,4.35e-4,0.009427544,0.049194567,789000,4764000,TRUE,347,329,FALSE,NA,2324,1698
31,38,31_38,0.421561849,0.21257054,0.120261225,0.009810871,0.107238252,0.128557298,792000,4764000,TRUE,348,330,FALSE,NA,2325,1699
32,38,32_38,0.127225193,0.260129236,0.319580287,6.68e-4,0.074706586,0.217691113,795000,4764000,TRUE,349,331,FALSE,NA,2326,1700
33,38,33_38,0.16283965,0.094580696,0.153961944,0.001379479,0.142907889,0.444330355,798000,4764000,TRUE,350,332,FALSE,NA,2327,1701
34,38,34_38,0.080924824,0.062146359,0.276500902,0.008840653,0.01114434,0.560442917,801000,4764000,TRUE,351,333,FALSE,NA,2328,1702
35,38,35_38,0.212228353,0.204646203,0.230368297,0.006506756,0.041679738,0.304570631,804000,4764000,TRUE,352,334,FALSE,NA,2329,1703
36,38,36_38,0.228091893,0.086392116,0.149327487,0.008777637,0.030709895,0.496700969,807000,4764000,TRUE,353,335,FALSE,NA,2330,1704
37,38,37_38,0.194676502,0.092352188,0.119050022,0.017492613,0.091014296,0.485414392,810000,4764000,TRUE,354,336,FALSE,NA,2331,1705
38,38,38_38,0.110056852,0.169048718,0.051615996,0.025105323,0.093829624,0.550343458,813000,4764000,TRUE,355,337,FALSE,NA,2332,1706
39,38,39_38,0.163664658,0.104925593,0.214998748,0.009371909,0.033282146,0.473756926,816000,4764000,TRUE,356,338,FALSE,NA,2333,1707
40,38,40_38,0.257496409,0.117062247,0.143280066,0.007564639,0.052862905,0.421733739,819000,4764000,TRUE,357,339,FALSE,NA,2334,1708
41,38,41_38,0.255583869,0.151174462,0.167931414,0.003412348,0.025877328,0.396020565,822000,4764000,TRUE,358,340,FALSE,NA,2335,1709
42,38,42_38,0.180050414,0.214653154,0.164135533,0.003851144,0.062158224,0.375151535,825000,4764000,TRUE,359,341,FALSE,NA,2336,1710
43,38,43_38,0.141357347,0.175664152,0.11671704,0.024371652,0.082710437,0.459179386,828000,4764000,TRUE,360,342,FALSE,NA,2337,1711
44,38,44_38,0.135109902,0.198454543,0.040226404,0.016608569,0.22410975,0.385490816,831000,4764000,TRUE,361,343,FALSE,NA,2338,1712
45,38,45_38,0.132511445,0.301056388,0.029068375,0.016116537,0.205923528,0.315323712,834000,4764000,TRUE,362,344,FALSE,NA,2339,1713
46,38,46_38,0.398811023,0.260077099,0.065895625,0.003490064,0.061230236,0.210495961,837000,4764000,TRUE,363,345,FALSE,NA,2340,1714
47,38,47_38,0,0,0,0,0,0,NA,NA,FALSE,364,NA,FALSE,NA,2341,NA
48,38,48_38,0,0,0,0,0,0,NA,NA,FALSE,365,NA,FALSE,NA,2342,NA
49,38,49_38,0,0,0,0,0,0,NA,NA,FALSE,366,NA,FALSE,NA,2343,NA
50,38,50_38,0,0,0,0,0,0,NA,NA,FALSE,367,NA,FALSE,NA,2344,NA
51,38,51_38,0,0,0,0,0,0,NA,NA,FALSE,368,NA,FALSE,NA,2345,NA
29,39,29_39,0.45715653,0.10138308,0.126027601,0.02055058,0.135122084,0.1597601,786000,4761000,TRUE,369,346,FALSE,NA,2385,1741
30,39,30_39,0.727904074,0.181400088,0.042272775,0.004909486,0.024353386,0.019160193,789000,4761000,TRUE,370,347,FALSE,NA,2386,1742
31,39,31_39,0.222498708,0.061320774,0.267317858,0.010748523,0.108328533,0.329785606,792000,4761000,TRUE,371,348,FALSE,NA,2387,1743
32,39,32_39,0.293356838,0.172574247,0.177700071,4.39e-4,0.105491529,0.250438324,795000,4761000,TRUE,372,349,FALSE,NA,2388,1744
33,39,33_39,0.273242252,0.066115644,0.329759549,0.0011746389999999999,0.023669758,0.306038159,798000,4761000,TRUE,373,350,FALSE,NA,2389,1745
34,39,34_39,0.265184707,0.221884537,0.209199804,0.00312954,0.033853117,0.266748277,801000,4761000,TRUE,374,351,FALSE,NA,2390,1746
35,39,35_39,0.118804779,0.152915184,0.268462709,0.002296449,0.041631602,0.415889272,804000,4761000,TRUE,375,352,FALSE,NA,2391,1747
36,39,36_39,0.171935002,0.100572437,0.205979097,0.007759841,0.032600623,0.481153009,807000,4761000,TRUE,376,353,FALSE,NA,2392,1748
37,39,37_39,0.192098079,0.150047879,0.107697074,0.004006062,0.044755465,0.501395446,810000,4761000,TRUE,377,354,FALSE,NA,2393,1749
38,39,38_39,0.142723927,0.132019862,0.120680546,0.02577611,0.062741751,0.516057785,813000,4761000,TRUE,378,355,FALSE,NA,2394,1750
39,39,39_39,0.233986758,0.117417021,0.113071227,0.011179151,0.050452613,0.473893225,816000,4761000,TRUE,379,356,FALSE,NA,2395,1751
40,39,40_39,0.244282778,0.201960022,0.128424308,0.008616497,0.051467173,0.365249216,819000,4761000,TRUE,380,357,FALSE,NA,2396,1752
41,39,41_39,0.224096577,0.252480536,0.100659622,0.002204369,0.047661735,0.372897164,822000,4761000,TRUE,381,358,FALSE,NA,2397,1753
42,39,42_39,0.200739834,0.205384743,0.107366316,0.007845717,0.049698411,0.428964979,825000,4761000,TRUE,382,359,FALSE,NA,2398,1754
43,39,43_39,0.158758146,0.306957029,0.102688829,0.004633248,0.031531365,0.395431377,828000,4761000,TRUE,383,360,FALSE,NA,2399,1755
44,39,44_39,0.188996092,0.187786263,0.098863821,0.011079246,0.090453439,0.422821127,831000,4761000,TRUE,384,361,FALSE,NA,2400,1756
45,39,45_39,0.21691717,0.162178104,0.049248438,0.002290319,0.117330915,0.452035043,834000,4761000,TRUE,385,362,FALSE,NA,2401,1757
46,39,46_39,0.193928468,0.590709479,0.064943101,6.59e-4,0.022600881,0.127159027,837000,4761000,TRUE,386,363,FALSE,NA,2402,1758
47,39,47_39,0,0,0,0,0,0,NA,NA,FALSE,387,NA,FALSE,NA,2403,NA
48,39,48_39,0,0,0,0,0,0,NA,NA,FALSE,388,NA,FALSE,NA,2404,NA
49,39,49_39,0,0,0,0,0,0,NA,NA,FALSE,389,NA,FALSE,NA,2405,NA
50,39,50_39,0,0,0,0,0,0,NA,NA,FALSE,390,NA,FALSE,NA,2406,NA
51,39,51_39,0,0,0,0,0,0,NA,NA,FALSE,391,NA,FALSE,NA,2407,NA
29,40,29_40,0.340406821,0.074013618,0.199462072,0.010178676,0.196807841,0.179130971,786000,4758000,TRUE,392,364,FALSE,NA,2447,1786
30,40,30_40,0.396634024,0.184621234,0.163425024,0.035649097,0.134670012,0.085000616,789000,4758000,TRUE,393,365,FALSE,NA,2448,1787
31,40,31_40,0.321064849,0.12835648,0.172599471,0.002958143,0.083749626,0.291271449,792000,4758000,TRUE,394,366,FALSE,NA,2449,1788
32,40,32_40,0.341949399,0.084098022,0.266420341,8.98685e-4,0.041666747,0.264966805,795000,4758000,TRUE,395,367,FALSE,NA,2450,1789
33,40,33_40,0.487804984,0.105901364,0.220536675,4.44e-4,0.014637978,0.170675057,798000,4758000,TRUE,396,368,FALSE,NA,2451,1790
34,40,34_40,0.378033501,0.217622233,0.141033481,4.29e-4,0.060724111,0.20215749,801000,4758000,TRUE,397,369,FALSE,NA,2452,1791
35,40,35_40,0.335556118,0.115803187,0.27123067,0.001651161,0.036251018,0.239507867,804000,4758000,TRUE,398,370,FALSE,NA,2453,1792
36,40,36_40,0.258732795,0.103950867,0.212133753,0.004426089,0.053866648,0.366889835,807000,4758000,TRUE,399,371,FALSE,NA,2454,1793
37,40,37_40,0.229458868,0.201980111,0.167207861,0.003522779,0.030846224,0.366984155,810000,4758000,TRUE,400,372,FALSE,NA,2455,1794
38,40,38_40,0.327005727,0.157765293,0.12946534,0.007177865,0.020452336,0.358133433,813000,4758000,TRUE,401,373,FALSE,NA,2456,1795
39,40,39_40,0.255783015,0.059429127,0.291185386,0.001352077,0.005573101,0.386677292,816000,4758000,TRUE,402,374,FALSE,NA,2457,1796
40,40,40_40,0.231346241,0.229631023,0.099366552,0.006892708,0.075164683,0.357598792,819000,4758000,TRUE,403,375,FALSE,NA,2458,1797
41,40,41_40,0.14103026,0.104874536,0.148791169,0.002546682,0.097900771,0.504856576,822000,4758000,TRUE,404,376,FALSE,NA,2459,1798
42,40,42_40,0.120235761,0.069682342,0.16678366,0.003062673,0.059846437,0.580389127,825000,4758000,TRUE,405,377,FALSE,NA,2460,1799
43,40,43_40,0,0,0,0,0,0,NA,NA,FALSE,406,NA,FALSE,NA,2461,NA
44,40,44_40,0,0,0,0,0,0,NA,NA,FALSE,407,NA,FALSE,NA,2462,NA
45,40,45_40,0,0,0,0,0,0,NA,NA,FALSE,408,NA,FALSE,NA,2463,NA
46,40,46_40,0,0,0,0,0,0,NA,NA,FALSE,409,NA,FALSE,NA,2464,NA
47,40,47_40,0,0,0,0,0,0,NA,NA,FALSE,410,NA,FALSE,NA,2465,NA
48,40,48_40,0,0,0,0,0,0,NA,NA,FALSE,411,NA,FALSE,NA,2466,NA
49,40,49_40,0,0,0,0,0,0,NA,NA,FALSE,412,NA,FALSE,NA,2467,NA
50,40,50_40,0,0,0,0,0,0,NA,NA,FALSE,413,NA,FALSE,NA,2468,NA
51,40,51_40,0,0,0,0,0,0,NA,NA,FALSE,414,NA,FALSE,NA,2469,NA
